Date,High,Low,Open,Close,Volume,Adj Close
2011-10-13,24.270000457763672,23.0,23.5,24.25,396800.0,21.475072860717773
2011-10-14,25.489999771118164,24.360000610351562,24.360000610351562,25.350000381469727,402600.0,22.44920539855957
2011-10-17,25.799999237060547,25.15999984741211,25.5,25.15999984741211,583400.0,22.280942916870117
2011-10-18,25.360000610351562,24.899999618530273,25.059999465942383,25.239999771118164,423500.0,22.351791381835938
2011-10-19,25.350000381469727,24.75,25.25,24.75,722200.0,21.91786766052246
2011-10-20,25.030000686645508,24.329999923706055,24.799999237060547,24.75,549700.0,21.91786766052246
2011-10-21,25.75,24.950000762939453,25.0,25.540000915527344,1764500.0,22.617462158203125
2011-10-24,25.850000381469727,25.5,25.5,25.770000457763672,371300.0,22.821142196655273
2011-10-25,26.079999923706055,25.0,25.8799991607666,25.75,546800.0,22.803434371948242
2011-10-26,26.09000015258789,24.860000610351562,26.09000015258789,25.020000457763672,657300.0,22.156965255737305
2011-10-27,25.950000762939453,25.25,25.25,25.6200008392334,405400.0,22.688308715820312
2011-10-28,25.81999969482422,25.25,25.5,25.81999969482422,584700.0,22.865421295166016
2011-10-31,26.739999771118164,25.25,26.25,26.739999771118164,15106000.0,23.68014907836914
2011-11-01,28.280000686645508,25.149999618530273,25.600000381469727,27.309999465942383,6095200.0,24.184925079345703
2011-11-02,27.399999618530273,25.790000915527344,27.399999618530273,26.6200008392334,2476700.0,23.57387351989746
2011-11-03,27.06999969482422,26.3799991607666,26.940000534057617,26.389999389648438,1615000.0,23.370193481445312
2011-11-04,26.59000015258789,24.8799991607666,26.170000076293945,25.190000534057617,1923300.0,22.307514190673828
2011-11-07,25.479999542236328,24.3700008392334,24.90999984741211,24.600000381469727,2703500.0,21.785032272338867
2011-11-08,25.350000381469727,24.760000228881836,25.100000381469727,24.940000534057617,2024100.0,22.086122512817383
2011-11-09,25.0,23.84000015258789,24.350000381469727,23.889999389648438,1570900.0,21.15627098083496
2011-11-10,24.709999084472656,23.520000457763672,24.479999542236328,23.649999618530273,1166000.0,20.94373893737793
2011-11-11,24.09000015258789,23.6299991607666,23.8799991607666,23.790000915527344,1266200.0,21.067716598510742
2011-11-14,24.100000381469727,23.489999771118164,23.579999923706055,23.93000030517578,1339000.0,21.282230377197266
2011-11-15,24.3700008392334,23.81999969482422,23.940000534057617,23.989999771118164,1657700.0,21.335588455200195
2011-11-16,24.600000381469727,23.780000686645508,23.950000762939453,24.1200008392334,1804600.0,21.451202392578125
2011-11-17,24.190000534057617,23.65999984741211,24.0,23.850000381469727,1279200.0,21.211078643798828
2011-11-18,24.139999389648438,23.719999313354492,23.8799991607666,23.93000030517578,1426200.0,21.282230377197266
2011-11-21,23.809999465942383,23.34000015258789,23.700000762939453,23.6200008392334,1282100.0,21.00652313232422
2011-11-22,26.139999389648438,22.670000076293945,25.020000457763672,23.6299991607666,2126400.0,21.01542091369629
2011-11-23,23.75,22.8799991607666,23.270000457763672,23.68000030517578,1009700.0,21.059890747070312
2011-11-25,23.450000762939453,22.8799991607666,23.450000762939453,23.0,991100.0,20.455129623413086
2011-11-28,24.18000030517578,23.139999389648438,23.65999984741211,23.489999771118164,1567300.0,20.890911102294922
2011-11-29,23.600000381469727,23.170000076293945,23.510000228881836,23.270000457763672,1222400.0,20.69525718688965
2011-11-30,24.200000762939453,23.329999923706055,24.059999465942383,23.899999618530273,2320800.0,21.25554847717285
2011-12-01,24.360000610351562,23.649999618530273,23.809999465942383,24.270000457763672,1046700.0,21.584609985351562
2011-12-02,25.479999542236328,24.219999313354492,25.479999542236328,24.25,1208900.0,21.566816329956055
2011-12-05,25.149999618530273,24.40999984741211,24.56999969482422,25.09000015258789,930900.0,22.313875198364258
2011-12-06,25.06999969482422,24.510000228881836,25.020000457763672,24.829999923706055,662800.0,22.082639694213867
2011-12-07,24.829999923706055,23.860000610351562,24.719999313354492,24.56999969482422,951200.0,21.851411819458008
2011-12-08,24.549999237060547,23.799999237060547,24.450000762939453,23.8799991607666,938700.0,21.237754821777344
2011-12-09,24.459999084472656,23.959999084472656,24.06999969482422,24.350000381469727,549800.0,21.6557559967041
2011-12-12,24.190000534057617,23.239999771118164,23.950000762939453,23.920000076293945,1213400.0,21.273340225219727
2011-12-13,24.450000762939453,23.709999084472656,24.020000457763672,23.850000381469727,1652500.0,21.211078643798828
2011-12-14,23.600000381469727,22.93000030517578,23.600000381469727,23.40999984741211,1736000.0,20.819761276245117
2011-12-15,24.059999465942383,23.440000534057617,23.549999237060547,23.920000076293945,1074900.0,21.273340225219727
2011-12-16,24.940000534057617,24.010000228881836,24.139999389648438,24.670000076293945,2925700.0,21.94034767150879
2011-12-19,24.860000610351562,24.149999618530273,24.670000076293945,24.25,1107200.0,21.566816329956055
2011-12-20,24.719999313354492,23.959999084472656,24.59000015258789,24.309999465942383,1190000.0,21.62017822265625
2011-12-21,25.030000686645508,24.020000457763672,24.450000762939453,24.920000076293945,2177400.0,22.162683486938477
2011-12-22,25.649999618530273,24.799999237060547,25.06999969482422,24.829999923706055,971100.0,22.082639694213867
2011-12-23,25.15999984741211,24.700000762939453,24.829999923706055,24.90999984741211,575000.0,22.153791427612305
2011-12-27,25.049999237060547,24.469999313354492,24.84000015258789,25.049999237060547,664400.0,22.278301239013672
2011-12-28,25.760000228881836,25.110000610351562,25.110000610351562,25.559999465942383,917700.0,22.73187255859375
2011-12-29,26.459999084472656,25.5,25.670000076293945,25.950000762939453,3975200.0,23.07872200012207
2011-12-30,25.989999771118164,25.139999389648438,25.989999771118164,25.690000534057617,1169700.0,22.847488403320312
2012-01-03,26.43000030517578,25.06999969482422,26.020000457763672,25.139999389648438,1059100.0,22.35834503173828
2012-01-04,26.06999969482422,24.84000015258789,25.06999969482422,25.969999313354492,1391900.0,23.09650421142578
2012-01-05,25.809999465942383,24.8700008392334,25.780000686645508,25.600000381469727,2270700.0,22.76744842529297
2012-01-06,25.6200008392334,25.1200008392334,25.540000915527344,25.170000076293945,524400.0,22.38502311706543
2012-01-09,25.420000076293945,24.81999969482422,25.15999984741211,25.270000457763672,558700.0,22.47396469116211
2012-01-10,25.700000762939453,25.25,25.459999084472656,25.579999923706055,1048300.0,22.74965476989746
2012-01-11,26.260000228881836,25.389999389648438,25.459999084472656,26.059999465942383,1066300.0,23.176551818847656
2012-01-12,26.139999389648438,25.68000030517578,26.079999923706055,25.700000762939453,709300.0,22.856388092041016
2012-01-13,25.68000030517578,25.34000015258789,25.450000762939453,25.6299991607666,886200.0,22.79412841796875
2012-01-17,26.280000686645508,25.59000015258789,25.899999618530273,25.6299991607666,465400.0,22.79412841796875
2012-01-18,27.040000915527344,25.43000030517578,25.510000228881836,26.989999771118164,1453700.0,24.00364875793457
2012-01-19,27.290000915527344,26.440000534057617,27.0,26.6200008392334,838000.0,23.67458152770996
2012-01-20,26.68000030517578,26.299999237060547,26.6200008392334,26.360000610351562,1014900.0,23.4433536529541
2012-01-23,26.600000381469727,25.559999465942383,26.450000762939453,25.75,842800.0,22.90085220336914
2012-01-24,26.209999084472656,25.600000381469727,25.690000534057617,26.139999389648438,761400.0,23.247697830200195
2012-01-25,26.6299991607666,25.81999969482422,26.040000915527344,26.600000381469727,881800.0,23.656803131103516
2012-01-26,26.850000381469727,25.760000228881836,26.68000030517578,25.940000534057617,850000.0,23.069828033447266
2012-01-27,25.979999542236328,25.610000610351562,25.610000610351562,25.809999465942383,685900.0,22.95421028137207
2012-01-30,25.959999084472656,25.5,25.649999618530273,25.920000076293945,475300.0,23.052043914794922
2012-01-31,26.25,25.649999618530273,26.110000610351562,25.90999984741211,792700.0,23.04314422607422
2012-02-01,26.850000381469727,25.920000076293945,26.020000457763672,26.81999969482422,816600.0,23.852458953857422
2012-02-02,26.989999771118164,26.6200008392334,26.860000610351562,26.649999618530273,715200.0,23.701269149780273
2012-02-03,27.079999923706055,26.56999969482422,26.959999084472656,27.030000686645508,719800.0,24.039220809936523
2012-02-06,27.1200008392334,26.639999389648438,26.899999618530273,26.780000686645508,655100.0,23.816883087158203
2012-02-07,27.350000381469727,26.530000686645508,26.700000762939453,27.219999313354492,963800.0,24.20819854736328
2012-02-08,27.389999389648438,26.799999237060547,27.15999984741211,27.389999389648438,737900.0,24.359386444091797
2012-02-09,27.399999618530273,26.90999984741211,27.350000381469727,27.1299991607666,721500.0,24.128154754638672
2012-02-10,27.1299991607666,26.829999923706055,26.959999084472656,27.06999969482422,527300.0,24.07479476928711
2012-02-13,27.350000381469727,26.829999923706055,27.350000381469727,27.030000686645508,638900.0,24.039220809936523
2012-02-14,27.209999084472656,26.81999969482422,26.899999618530273,26.920000076293945,926400.0,23.94139289855957
2012-02-15,27.110000610351562,26.8700008392334,26.969999313354492,27.0,1071300.0,24.01253890991211
2012-02-16,27.31999969482422,26.959999084472656,27.020000457763672,27.149999618530273,639700.0,24.145946502685547
2012-02-17,27.6299991607666,27.170000076293945,27.260000228881836,27.59000015258789,583500.0,24.53726577758789
2012-02-21,28.1200008392334,27.510000228881836,27.65999984741211,27.81999969482422,753500.0,24.741811752319336
2012-02-22,28.059999465942383,27.479999542236328,27.65999984741211,27.530000686645508,467500.0,24.48390007019043
2012-02-23,27.829999923706055,27.299999237060547,27.520000457763672,27.780000686645508,335900.0,24.70624351501465
2012-02-24,27.940000534057617,27.239999771118164,27.889999389648438,27.260000228881836,827900.0,24.243772506713867
2012-02-27,27.399999618530273,26.8700008392334,27.100000381469727,27.360000610351562,1429000.0,24.332706451416016
2012-02-28,27.239999771118164,26.1200008392334,27.239999771118164,26.84000015258789,3443900.0,23.87024688720703
2012-02-29,26.950000762939453,25.90999984741211,26.760000228881836,25.979999542236328,4339600.0,23.10540199279785
2012-03-01,26.729999542236328,25.790000915527344,26.030000686645508,26.690000534057617,1801400.0,23.829666137695312
2012-03-02,26.950000762939453,26.3700008392334,26.3700008392334,26.600000381469727,1594900.0,23.74930763244629
2012-03-05,26.700000762939453,26.040000915527344,26.600000381469727,26.219999313354492,1339800.0,23.410037994384766
2012-03-06,26.020000457763672,25.389999389648438,25.950000762939453,25.850000381469727,1334200.0,23.07969093322754
2012-03-07,26.299999237060547,25.739999771118164,26.09000015258789,26.209999084472656,933200.0,23.401107788085938
2012-03-08,26.700000762939453,25.969999313354492,26.299999237060547,26.6200008392334,894800.0,23.76716423034668
2012-03-09,27.360000610351562,26.530000686645508,26.56999969482422,27.25,719500.0,24.329647064208984
2012-03-12,27.6299991607666,27.260000228881836,27.3799991607666,27.530000686645508,879800.0,24.57964324951172
2012-03-13,28.440000534057617,27.639999389648438,27.639999389648438,28.420000076293945,861600.0,25.374265670776367
2012-03-14,28.479999542236328,28.200000762939453,28.40999984741211,28.360000610351562,1183100.0,25.320697784423828
2012-03-15,28.84000015258789,28.059999465942383,28.389999389648438,28.729999542236328,689200.0,25.651037216186523
2012-03-16,28.8700008392334,28.170000076293945,28.739999771118164,28.190000534057617,903100.0,25.168916702270508
2012-03-19,28.5,27.8799991607666,28.209999084472656,27.940000534057617,796500.0,24.945709228515625
2012-03-20,27.920000076293945,27.079999923706055,27.850000381469727,27.309999465942383,993200.0,24.383220672607422
2012-03-21,27.559999465942383,27.25,27.299999237060547,27.329999923706055,872000.0,24.401079177856445
2012-03-22,27.3700008392334,26.979999542236328,27.1200008392334,27.219999313354492,665800.0,24.302865982055664
2012-03-23,27.3700008392334,27.059999465942383,27.3700008392334,27.200000762939453,519500.0,24.285005569458008
2012-03-26,27.860000610351562,27.3700008392334,27.3700008392334,27.850000381469727,642100.0,24.86534881591797
2012-03-27,28.020000457763672,27.610000610351562,27.920000076293945,27.989999771118164,601000.0,24.990346908569336
2012-03-28,28.110000610351562,27.540000915527344,27.959999084472656,27.959999084472656,918000.0,24.96355628967285
2012-03-29,27.809999465942383,27.25,27.809999465942383,27.65999984741211,855500.0,24.695707321166992
2012-03-30,27.860000610351562,27.399999618530273,27.829999923706055,27.75,1310900.0,24.77606964111328
2012-04-02,28.350000381469727,27.700000762939453,27.709999084472656,28.31999969482422,817100.0,25.28497886657715
2012-04-03,28.549999237060547,27.93000030517578,28.329999923706055,28.25,1034300.0,25.22248077392578
2012-04-04,27.940000534057617,27.579999923706055,27.90999984741211,27.799999237060547,1070400.0,24.820707321166992
2012-04-05,28.229999542236328,27.75,27.75,27.969999313354492,477500.0,24.972484588623047
2012-04-09,27.549999237060547,27.200000762939453,27.469999313354492,27.360000610351562,495500.0,24.427858352661133
2012-04-10,27.34000015258789,26.579999923706055,27.239999771118164,26.940000534057617,909900.0,24.052871704101562
2012-04-11,27.299999237060547,26.829999923706055,27.190000534057617,27.0,810200.0,24.10643768310547
2012-04-12,27.389999389648438,26.8700008392334,26.90999984741211,27.31999969482422,646500.0,24.392141342163086
2012-04-13,27.209999084472656,26.790000915527344,27.100000381469727,26.829999923706055,492700.0,23.954660415649414
2012-04-16,27.299999237060547,26.5,27.110000610351562,26.899999618530273,850400.0,24.01715850830078
2012-04-17,27.309999465942383,26.850000381469727,27.290000915527344,27.200000762939453,540600.0,24.285005569458008
2012-04-18,27.729999542236328,27.040000915527344,27.1200008392334,27.649999618530273,1118700.0,24.686784744262695
2012-04-19,27.969999313354492,26.899999618530273,27.610000610351562,27.100000381469727,1061300.0,24.195722579956055
2012-04-20,27.639999389648438,27.06999969482422,27.18000030517578,27.360000610351562,807500.0,24.427858352661133
2012-04-23,27.059999465942383,26.520000457763672,27.059999465942383,26.889999389648438,556500.0,24.00823211669922
2012-04-24,27.5,26.899999618530273,26.950000762939453,27.100000381469727,518100.0,24.195722579956055
2012-04-25,27.809999465942383,27.34000015258789,27.34000015258789,27.700000762939453,569600.0,24.731426239013672
2012-04-26,28.100000381469727,27.6299991607666,27.639999389648438,28.100000381469727,459100.0,25.088560104370117
2012-04-27,28.520000457763672,28.139999389648438,28.139999389648438,28.3799991607666,642700.0,25.338550567626953
2012-04-30,28.31999969482422,27.809999465942383,28.31999969482422,27.8799991607666,364000.0,24.892133712768555
2012-05-01,28.31999969482422,27.579999923706055,27.90999984741211,27.65999984741211,638900.0,24.695707321166992
2012-05-02,27.950000762939453,27.399999618530273,27.450000762939453,27.760000228881836,835000.0,24.784992218017578
2012-05-03,27.719999313354492,27.049999237060547,27.690000534057617,27.299999237060547,990000.0,24.37429428100586
2012-05-04,27.299999237060547,26.450000762939453,27.299999237060547,26.450000762939453,870000.0,23.615385055541992
2012-05-07,26.639999389648438,26.1299991607666,26.389999389648438,26.209999084472656,995000.0,23.401107788085938
2012-05-08,26.440000534057617,25.649999618530273,26.100000381469727,26.360000610351562,925900.0,23.5350341796875
2012-05-09,26.389999389648438,25.610000610351562,25.90999984741211,26.1299991607666,923400.0,23.329683303833008
2012-05-10,26.559999465942383,26.049999237060547,26.299999237060547,26.139999389648438,701500.0,23.338607788085938
2012-05-11,26.469999313354492,25.920000076293945,26.0,26.030000686645508,625800.0,23.240394592285156
2012-05-14,26.049999237060547,25.43000030517578,25.829999923706055,25.43000030517578,567200.0,22.70469856262207
2012-05-15,25.56999969482422,25.170000076293945,25.3799991607666,25.209999084472656,565500.0,22.508277893066406
2012-05-16,25.760000228881836,25.299999237060547,25.43000030517578,25.3700008392334,1045000.0,22.6511287689209
2012-05-17,25.360000610351562,24.420000076293945,25.34000015258789,24.420000076293945,1455900.0,21.890254974365234
2012-05-18,24.8700008392334,24.420000076293945,24.420000076293945,24.670000076293945,994800.0,22.114362716674805
2012-05-21,25.510000228881836,24.690000534057617,24.780000686645508,25.34000015258789,1096700.0,22.71495819091797
2012-05-22,25.850000381469727,25.3700008392334,25.469999313354492,25.59000015258789,957900.0,22.939058303833008
2012-05-23,25.790000915527344,24.829999923706055,25.360000610351562,25.790000915527344,1252500.0,23.11833953857422
2012-05-24,26.139999389648438,25.770000457763672,25.940000534057617,26.139999389648438,528800.0,23.43207550048828
2012-05-25,26.309999465942383,25.610000610351562,26.190000534057617,25.649999618530273,677800.0,22.992835998535156
2012-05-29,26.34000015258789,25.739999771118164,25.790000915527344,25.889999389648438,801000.0,23.207979202270508
2012-05-30,25.84000015258789,25.270000457763672,25.459999084472656,25.450000762939453,591900.0,22.81355857849121
2012-05-31,25.549999237060547,24.969999313354492,25.540000915527344,25.329999923706055,1021600.0,22.705995559692383
2012-06-01,25.030000686645508,24.450000762939453,24.709999084472656,24.479999542236328,1379300.0,21.94403648376465
2012-06-04,24.549999237060547,24.030000686645508,24.479999542236328,24.510000228881836,643400.0,21.970937728881836
2012-06-05,24.65999984741211,23.940000534057617,24.3799991607666,24.579999923706055,499600.0,22.033679962158203
2012-06-06,25.489999771118164,24.889999389648438,24.889999389648438,25.489999771118164,553800.0,22.84941864013672
2012-06-07,26.6299991607666,25.59000015258789,26.6299991607666,25.739999771118164,802100.0,23.073516845703125
2012-06-08,26.09000015258789,25.31999969482422,25.709999084472656,25.920000076293945,862300.0,23.2348690032959
2012-06-11,26.329999923706055,25.450000762939453,26.290000915527344,25.510000228881836,816100.0,22.867338180541992
2012-06-12,25.670000076293945,25.350000381469727,25.5,25.579999923706055,1222700.0,22.930084228515625
2012-06-13,25.5,25.06999969482422,25.34000015258789,25.170000076293945,891300.0,22.56256675720215
2012-06-14,25.25,24.920000076293945,25.209999084472656,25.0,1478400.0,22.410171508789062
2012-06-15,25.43000030517578,24.920000076293945,25.139999389648438,25.31999969482422,3023700.0,22.697025299072266
2012-06-18,25.280000686645508,24.950000762939453,25.209999084472656,25.1299991607666,860500.0,22.526704788208008
2012-06-19,25.600000381469727,25.049999237060547,25.25,25.079999923706055,1441400.0,22.48188591003418
2012-06-20,25.049999237060547,24.489999771118164,25.030000686645508,24.719999313354492,1123100.0,22.159177780151367
2012-06-21,25.450000762939453,24.270000457763672,25.170000076293945,24.280000686645508,1418600.0,21.764766693115234
2012-06-22,24.389999389648438,23.889999389648438,24.389999389648438,24.020000457763672,1268800.0,21.53169822692871
2012-06-25,23.790000915527344,23.209999084472656,23.700000762939453,23.610000610351562,1097600.0,21.164169311523438
2012-06-26,24.06999969482422,23.479999542236328,23.6200008392334,23.920000076293945,1163900.0,21.442058563232422
2012-06-27,24.350000381469727,23.850000381469727,24.020000457763672,24.290000915527344,1045100.0,21.773731231689453
2012-06-28,24.610000610351562,23.020000457763672,23.600000381469727,24.59000015258789,1942900.0,22.042646408081055
2012-06-29,25.510000228881836,25.030000686645508,25.280000686645508,25.170000076293945,1590300.0,22.56256675720215
2012-07-02,25.459999084472656,24.899999618530273,25.270000457763672,25.040000915527344,708700.0,22.446029663085938
2012-07-03,25.68000030517578,24.940000534057617,24.989999771118164,25.68000030517578,324900.0,23.019729614257812
2012-07-05,25.700000762939453,25.329999923706055,25.549999237060547,25.530000686645508,620100.0,22.885269165039062
2012-07-06,25.5,25.149999618530273,25.219999313354492,25.200000762939453,433100.0,22.589454650878906
2012-07-09,25.25,24.770000457763672,25.09000015258789,25.0,692700.0,22.410171508789062
2012-07-10,25.450000762939453,24.280000686645508,25.09000015258789,24.360000610351562,916200.0,21.836467742919922
2012-07-11,24.350000381469727,23.299999237060547,24.350000381469727,23.93000030517578,1620500.0,21.451021194458008
2012-07-12,23.709999084472656,23.170000076293945,23.709999084472656,23.18000030517578,1070500.0,20.778711318969727
2012-07-13,23.850000381469727,23.219999313354492,23.229999542236328,23.309999465942383,1232600.0,20.895240783691406
2012-07-16,23.479999542236328,23.0,23.239999771118164,23.15999984741211,990600.0,20.760786056518555
2012-07-17,23.68000030517578,23.190000534057617,23.350000381469727,23.649999618530273,1377700.0,21.200027465820312
2012-07-18,24.06999969482422,23.520000457763672,23.520000457763672,23.93000030517578,684800.0,21.451021194458008
2012-07-19,24.15999984741211,23.65999984741211,23.959999084472656,24.1200008392334,689600.0,21.621337890625
2012-07-20,24.209999084472656,23.719999313354492,23.93000030517578,23.790000915527344,570900.0,21.32552146911621
2012-07-23,24.0,23.309999465942383,23.40999984741211,23.8799991607666,660800.0,21.40619659423828
2012-07-24,23.950000762939453,23.3700008392334,23.81999969482422,23.59000015258789,790900.0,21.146238327026367
2012-07-25,23.989999771118164,23.520000457763672,23.719999313354492,23.90999984741211,568800.0,21.433094024658203
2012-07-26,24.25,23.690000534057617,24.25,23.729999542236328,1402200.0,21.27173614501953
2012-07-27,24.290000915527344,23.760000228881836,23.920000076293945,24.200000762939453,810700.0,21.69304847717285
2012-07-30,24.280000686645508,24.010000228881836,24.170000076293945,24.200000762939453,626300.0,21.69304847717285
2012-07-31,24.219999313354492,23.950000762939453,24.170000076293945,23.979999542236328,631500.0,21.49583625793457
2012-08-01,24.190000534057617,23.540000915527344,24.059999465942383,23.899999618530273,1666500.0,21.42412567138672
2012-08-02,23.709999084472656,22.43000030517578,23.3799991607666,23.56999969482422,1850800.0,21.128314971923828
2012-08-03,24.149999618530273,23.649999618530273,23.649999618530273,24.030000686645508,1228700.0,21.54066276550293
2012-08-06,24.25,23.829999923706055,24.110000610351562,24.1299991607666,701900.0,21.63029670715332
2012-08-07,24.270000457763672,24.079999923706055,24.239999771118164,24.239999771118164,678300.0,21.728904724121094
2012-08-08,24.229999542236328,23.899999618530273,24.100000381469727,24.149999618530273,488300.0,21.64822769165039
2012-08-09,24.639999389648438,24.09000015258789,24.209999084472656,24.469999313354492,470700.0,21.935073852539062
2012-08-10,24.719999313354492,24.260000228881836,24.360000610351562,24.459999084472656,627400.0,21.926109313964844
2012-08-13,24.670000076293945,24.270000457763672,24.440000534057617,24.510000228881836,330100.0,21.970937728881836
2012-08-14,24.81999969482422,23.959999084472656,24.670000076293945,24.059999465942383,609400.0,21.56755256652832
2012-08-15,24.290000915527344,23.940000534057617,24.030000686645508,24.290000915527344,475700.0,21.773731231689453
2012-08-16,25.059999465942383,24.25,24.25,24.940000534057617,942100.0,22.35638999938965
2012-08-17,25.190000534057617,24.889999389648438,24.950000762939453,25.139999389648438,718700.0,22.53567123413086
2012-08-20,25.399999618530273,25.059999465942383,25.299999237060547,25.290000915527344,710600.0,22.670133590698242
2012-08-21,25.709999084472656,25.200000762939453,25.399999618530273,25.200000762939453,608600.0,22.589454650878906
2012-08-22,25.200000762939453,24.829999923706055,25.100000381469727,25.020000457763672,575600.0,22.428102493286133
2012-08-23,25.110000610351562,24.530000686645508,24.969999313354492,24.6299991607666,630900.0,22.168170928955078
2012-08-24,24.719999313354492,24.350000381469727,24.579999923706055,24.5,581300.0,22.051158905029297
2012-08-27,24.68000030517578,24.110000610351562,24.670000076293945,24.139999389648438,662900.0,21.727148056030273
2012-08-28,24.56999969482422,23.93000030517578,23.93000030517578,24.049999237060547,517400.0,21.646141052246094
2012-08-29,24.149999618530273,23.8799991607666,24.06999969482422,24.010000228881836,597700.0,21.610136032104492
2012-08-30,24.190000534057617,23.850000381469727,23.8799991607666,24.09000015258789,503100.0,21.682144165039062
2012-08-31,24.329999923706055,23.940000534057617,24.329999923706055,24.290000915527344,1153800.0,21.862157821655273
2012-09-04,24.239999771118164,23.809999465942383,24.229999542236328,24.0,915000.0,21.60113525390625
2012-09-05,24.229999542236328,23.90999984741211,24.040000915527344,24.06999969482422,1199600.0,21.664142608642578
2012-09-06,24.969999313354492,24.299999237060547,24.309999465942383,24.969999313354492,689400.0,22.47418975830078
2012-09-07,25.510000228881836,24.8700008392334,25.489999771118164,25.100000381469727,627600.0,22.591190338134766
2012-09-10,25.0,24.56999969482422,24.8700008392334,24.579999923706055,864400.0,22.1231632232666
2012-09-11,25.469999313354492,24.56999969482422,24.6299991607666,25.3799991607666,985400.0,22.843204498291016
2012-09-12,25.469999313354492,24.81999969482422,25.399999618530273,25.0,789000.0,22.501184463500977
2012-09-13,25.450000762939453,24.799999237060547,25.059999465942383,25.360000610351562,754700.0,22.825206756591797
2012-09-14,25.68000030517578,25.309999465942383,25.3799991607666,25.56999969482422,1722500.0,23.014209747314453
2012-09-17,25.59000015258789,25.110000610351562,25.56999969482422,25.34000015258789,799300.0,22.807207107543945
2012-09-18,25.709999084472656,25.219999313354492,25.260000228881836,25.709999084472656,1182400.0,23.14022445678711
2012-09-19,26.0,25.579999923706055,25.65999984741211,25.979999542236328,1004500.0,23.38323402404785
2012-09-20,25.920000076293945,25.25,25.68000030517578,25.600000381469727,1498300.0,23.041213989257812
2012-09-21,25.780000686645508,25.360000610351562,25.700000762939453,25.440000534057617,1292900.0,22.8972110748291
2012-09-24,25.59000015258789,25.260000228881836,25.299999237060547,25.5,919800.0,22.951210021972656
2012-09-25,25.709999084472656,25.399999618530273,25.549999237060547,25.40999984741211,1661700.0,22.870206832885742
2012-09-26,25.530000686645508,24.809999465942383,25.440000534057617,24.979999542236328,1355000.0,22.483186721801758
2012-09-27,25.5,24.969999313354492,25.139999389648438,25.299999237060547,944500.0,22.771202087402344
2012-09-28,25.34000015258789,24.989999771118164,25.170000076293945,25.149999618530273,1537800.0,22.636192321777344
2012-10-01,25.5,24.84000015258789,25.25,25.239999771118164,1838000.0,22.71719741821289
2012-10-02,25.489999771118164,25.059999465942383,25.290000915527344,25.25,1068500.0,22.726194381713867
2012-10-03,25.350000381469727,24.899999618530273,25.350000381469727,25.020000457763672,887000.0,22.519187927246094
2012-10-04,25.280000686645508,24.979999542236328,25.149999618530273,25.149999618530273,903800.0,22.636192321777344
2012-10-05,25.489999771118164,25.030000686645508,25.31999969482422,25.139999389648438,717000.0,22.627195358276367
2012-10-08,25.139999389648438,24.899999618530273,25.06999969482422,25.110000610351562,434200.0,22.600194931030273
2012-10-09,25.170000076293945,24.75,25.1200008392334,24.790000915527344,920100.0,22.31217384338379
2012-10-10,24.84000015258789,24.469999313354492,24.770000457763672,24.559999465942383,717600.0,22.105167388916016
2012-10-11,24.780000686645508,24.270000457763672,24.700000762939453,24.31999969482422,832900.0,21.889156341552734
2012-10-12,24.8799991607666,24.520000457763672,24.59000015258789,24.610000610351562,1001800.0,22.150171279907227
2012-10-15,24.829999923706055,24.34000015258789,24.68000030517578,24.729999542236328,620800.0,22.2581787109375
2012-10-16,25.43000030517578,24.610000610351562,24.829999923706055,25.3700008392334,881300.0,22.83420181274414
2012-10-17,25.479999542236328,25.010000228881836,25.260000228881836,25.079999923706055,815000.0,22.573190689086914
2012-10-18,24.719999313354492,24.1299991607666,24.68000030517578,24.639999389648438,1419600.0,22.267019271850586
2012-10-19,24.59000015258789,23.899999618530273,24.59000015258789,24.219999313354492,1757500.0,21.887470245361328
2012-10-22,24.31999969482422,23.850000381469727,24.219999313354492,24.290000915527344,771400.0,21.95073127746582
2012-10-23,24.229999542236328,23.790000915527344,23.989999771118164,24.200000762939453,1365300.0,21.869396209716797
2012-10-24,24.299999237060547,23.40999984741211,24.299999237060547,23.440000534057617,1154600.0,21.182586669921875
2012-10-25,24.030000686645508,23.59000015258789,23.65999984741211,23.709999084472656,1296100.0,21.426586151123047
2012-10-26,24.049999237060547,23.520000457763672,23.739999771118164,23.59000015258789,1096300.0,21.318138122558594
2012-10-31,24.549999237060547,23.700000762939453,24.110000610351562,24.260000228881836,1763600.0,21.923614501953125
2012-11-01,25.489999771118164,24.260000228881836,24.34000015258789,25.399999618530273,1534900.0,22.95382308959961
2012-11-02,26.1200008392334,25.3799991607666,25.600000381469727,25.6299991607666,1503900.0,23.16167449951172
2012-11-05,26.139999389648438,25.610000610351562,25.6299991607666,26.0,1349600.0,23.496044158935547
2012-11-06,26.139999389648438,25.8700008392334,26.010000228881836,26.049999237060547,1512100.0,23.54122543334961
2012-11-07,25.959999084472656,25.290000915527344,25.770000457763672,25.309999465942383,1158000.0,22.872488021850586
2012-11-08,25.40999984741211,24.90999984741211,25.239999771118164,24.920000076293945,1120100.0,22.52005386352539
2012-11-09,25.059999465942383,24.68000030517578,24.8700008392334,24.709999084472656,1445600.0,22.33027458190918
2012-11-12,24.90999984741211,24.3799991607666,24.780000686645508,24.760000228881836,966600.0,22.37546157836914
2012-11-13,25.0,24.530000686645508,24.6299991607666,24.530000686645508,704700.0,22.167613983154297
2012-11-14,24.559999465942383,23.940000534057617,24.540000915527344,24.049999237060547,1002000.0,21.73383903503418
2012-11-15,24.34000015258789,23.920000076293945,24.020000457763672,24.030000686645508,769800.0,21.715770721435547
2012-11-16,24.219999313354492,23.920000076293945,24.020000457763672,24.190000534057617,984400.0,21.860361099243164
2012-11-19,24.989999771118164,24.450000762939453,24.489999771118164,24.84000015258789,884000.0,22.44775390625
2012-11-20,25.170000076293945,24.770000457763672,24.81999969482422,25.1200008392334,775300.0,22.700788497924805
2012-11-21,25.40999984741211,25.0,25.049999237060547,25.34000015258789,546100.0,22.89961051940918
2012-11-23,25.520000457763672,25.18000030517578,25.389999389648438,25.520000457763672,341100.0,23.062271118164062
2012-11-26,25.959999084472656,25.420000076293945,25.420000076293945,25.860000610351562,873000.0,23.369531631469727
2012-11-27,25.889999389648438,25.469999313354492,25.790000915527344,25.6299991607666,633600.0,23.16167449951172
2012-11-28,25.969999313354492,25.40999984741211,25.510000228881836,25.940000534057617,662400.0,23.44182014465332
2012-11-29,26.18000030517578,25.81999969482422,26.030000686645508,26.1299991607666,584200.0,23.613525390625
2012-11-30,26.309999465942383,25.950000762939453,26.110000610351562,26.09000015258789,970800.0,23.57737159729004
2012-12-03,26.309999465942383,25.729999542236328,26.25,25.770000457763672,648400.0,23.28818702697754
2012-12-04,25.90999984741211,25.579999923706055,25.739999771118164,25.700000762939453,531100.0,23.224943161010742
2012-12-05,26.229999542236328,25.610000610351562,25.760000228881836,26.0,663800.0,23.496044158935547
2012-12-06,26.09000015258789,25.600000381469727,26.0,26.09000015258789,613300.0,23.57737159729004
2012-12-07,26.3799991607666,26.020000457763672,26.229999542236328,26.3799991607666,530100.0,23.839452743530273
2012-12-10,26.530000686645508,26.219999313354492,26.3700008392334,26.479999542236328,638200.0,23.9298152923584
2012-12-11,26.75,26.360000610351562,26.479999542236328,26.6299991607666,777600.0,24.065372467041016
2012-12-12,26.989999771118164,26.670000076293945,26.670000076293945,26.790000915527344,749300.0,24.2099609375
2012-12-13,26.93000030517578,26.540000915527344,26.799999237060547,26.690000534057617,520800.0,24.119592666625977
2012-12-14,26.889999389648438,26.510000228881836,26.68000030517578,26.760000228881836,591700.0,24.182849884033203
2012-12-17,26.84000015258789,26.450000762939453,26.790000915527344,26.549999237060547,681500.0,23.993072509765625
2012-12-18,27.239999771118164,26.3799991607666,26.6299991607666,27.200000762939453,1044100.0,24.580474853515625
2012-12-19,27.670000076293945,27.059999465942383,27.25,27.56999969482422,1007300.0,24.914846420288086
2012-12-20,27.639999389648438,26.489999771118164,27.540000915527344,26.84000015258789,1646100.0,24.255144119262695
2012-12-21,26.809999465942383,26.219999313354492,26.43000030517578,26.760000228881836,2001200.0,24.182849884033203
2012-12-24,26.889999389648438,26.6200008392334,26.790000915527344,26.8700008392334,286800.0,24.28225326538086
2012-12-26,27.049999237060547,26.700000762939453,26.920000076293945,26.780000686645508,298600.0,24.200923919677734
2012-12-27,26.920000076293945,26.489999771118164,26.760000228881836,26.850000381469727,392300.0,24.26418685913086
2012-12-28,26.739999771118164,26.40999984741211,26.600000381469727,26.43000030517578,402400.0,23.88463020324707
2012-12-31,27.110000610351562,26.34000015258789,26.360000610351562,27.100000381469727,536900.0,24.490100860595703
2013-01-02,27.989999771118164,27.420000076293945,27.6299991607666,27.5,927300.0,24.85158348083496
2013-01-03,27.790000915527344,27.239999771118164,27.5,27.40999984741211,610800.0,24.770254135131836
2013-01-04,27.639999389648438,27.25,27.510000228881836,27.3700008392334,563400.0,24.734102249145508
2013-01-07,27.31999969482422,26.93000030517578,27.190000534057617,27.010000228881836,481300.0,24.40877914428711
2013-01-08,26.940000534057617,26.389999389648438,26.93000030517578,26.68000030517578,1084500.0,24.11055564880371
2013-01-09,27.139999389648438,26.760000228881836,26.81999969482422,27.100000381469727,985500.0,24.490100860595703
2013-01-10,27.549999237060547,27.1200008392334,27.34000015258789,27.479999542236328,842000.0,24.833505630493164
2013-01-11,27.600000381469727,27.09000015258789,27.579999923706055,27.18000030517578,353400.0,24.562402725219727
2013-01-14,27.239999771118164,26.75,27.09000015258789,27.209999084472656,417400.0,24.589513778686523
2013-01-15,27.15999984741211,26.729999542236328,27.100000381469727,27.1299991607666,734400.0,24.5172119140625
2013-01-16,27.1200008392334,26.649999618530273,27.030000686645508,26.950000762939453,431800.0,24.354557037353516
2013-01-17,27.469999313354492,26.829999923706055,27.059999465942383,27.420000076293945,653400.0,24.779287338256836
2013-01-18,27.549999237060547,27.139999389648438,27.549999237060547,27.510000228881836,711400.0,24.86062240600586
2013-01-22,27.68000030517578,27.34000015258789,27.649999618530273,27.68000030517578,1457900.0,25.014249801635742
2013-01-23,27.920000076293945,27.579999923706055,27.6200008392334,27.899999618530273,977400.0,25.213062286376953
2013-01-24,28.260000228881836,27.799999237060547,27.860000610351562,27.979999542236328,1095100.0,25.285356521606445
2013-01-25,28.139999389648438,27.559999465942383,28.09000015258789,27.700000762939453,831400.0,25.032323837280273
2013-01-28,28.0,27.549999237060547,27.760000228881836,27.920000076293945,874100.0,25.23113441467285
2013-01-29,28.010000228881836,27.809999465942383,27.8799991607666,27.969999313354492,1000700.0,25.276317596435547
2013-01-30,28.15999984741211,27.899999618530273,27.950000762939453,27.940000534057617,811100.0,25.24921417236328
2013-01-31,28.010000228881836,27.889999389648438,27.93000030517578,27.93000030517578,922700.0,25.24017333984375
2013-02-01,28.309999465942383,27.90999984741211,28.0,28.010000228881836,1239100.0,25.312469482421875
2013-02-04,27.899999618530273,27.5,27.8700008392334,27.549999237060547,914100.0,24.896766662597656
2013-02-05,27.989999771118164,27.649999618530273,27.729999542236328,27.770000457763672,695300.0,25.0955810546875
2013-02-06,28.030000686645508,27.540000915527344,27.610000610351562,27.850000381469727,1350700.0,25.167877197265625
2013-02-07,28.030000686645508,26.84000015258789,28.030000686645508,26.90999984741211,1576400.0,24.31840705871582
2013-02-08,27.639999389648438,27.010000228881836,27.010000228881836,27.09000015258789,1206300.0,24.481067657470703
2013-02-11,27.530000686645508,27.020000457763672,27.110000610351562,27.459999084472656,875100.0,24.81543731689453
2013-02-12,28.100000381469727,27.479999542236328,27.520000457763672,27.950000762939453,905000.0,25.25824737548828
2013-02-13,28.3700008392334,27.940000534057617,28.0,28.260000228881836,622300.0,25.53839111328125
2013-02-14,28.6200008392334,28.209999084472656,28.219999313354492,28.469999313354492,927100.0,25.728164672851562
2013-02-15,28.469999313354492,28.020000457763672,28.219999313354492,28.280000686645508,806500.0,25.66138458251953
2013-02-19,28.850000381469727,28.360000610351562,28.360000610351562,28.760000228881836,1186200.0,26.096933364868164
2013-02-20,28.760000228881836,27.93000030517578,28.709999084472656,27.959999084472656,765800.0,25.371009826660156
2013-02-21,28.049999237060547,27.520000457763672,27.850000381469727,27.68000030517578,1037700.0,25.116943359375
2013-02-22,27.860000610351562,27.600000381469727,27.75,27.790000915527344,483600.0,25.216754913330078
2013-02-25,28.15999984741211,27.020000457763672,28.020000457763672,27.020000457763672,1093800.0,24.51805305480957
2013-02-26,27.229999542236328,26.799999237060547,27.139999389648438,27.0,1204400.0,24.499902725219727
2013-02-27,27.549999237060547,26.940000534057617,27.0,27.469999313354492,1019100.0,24.92638397216797
2013-02-28,27.770000457763672,27.450000762939453,27.530000686645508,27.5,771500.0,24.953609466552734
2013-03-01,27.65999984741211,26.940000534057617,27.31999969482422,27.489999771118164,865600.0,24.944538116455078
2013-03-04,27.510000228881836,27.139999389648438,27.389999389648438,27.489999771118164,682900.0,24.944538116455078
2013-03-05,28.510000228881836,27.670000076293945,27.68000030517578,28.450000762939453,1210600.0,25.815643310546875
2013-03-06,29.43000030517578,28.559999465942383,28.56999969482422,29.34000015258789,1701300.0,26.623228073120117
2013-03-07,29.489999771118164,28.31999969482422,29.059999465942383,28.399999618530273,2082000.0,25.770263671875
2013-03-08,28.690000534057617,28.200000762939453,28.579999923706055,28.43000030517578,1790000.0,25.79749298095703
2013-03-11,28.959999084472656,28.450000762939453,28.469999313354492,28.760000228881836,910400.0,26.096933364868164
2013-03-12,28.739999771118164,28.329999923706055,28.700000762939453,28.530000686645508,988600.0,25.888235092163086
2013-03-13,28.56999969482422,28.3700008392334,28.520000457763672,28.469999313354492,608500.0,25.83378791809082
2013-03-14,28.81999969482422,28.530000686645508,28.56999969482422,28.709999084472656,524100.0,26.05156707763672
2013-03-15,29.030000686645508,28.450000762939453,28.59000015258789,28.959999084472656,1381200.0,26.278419494628906
2013-03-18,28.979999542236328,28.549999237060547,28.65999984741211,28.780000686645508,502000.0,26.115079879760742
2013-03-19,28.850000381469727,28.209999084472656,28.850000381469727,28.440000534057617,548400.0,25.80656623840332
2013-03-20,28.760000228881836,28.360000610351562,28.6299991607666,28.510000228881836,709300.0,25.870088577270508
2013-03-21,28.760000228881836,28.270000457763672,28.31999969482422,28.559999465942383,1205900.0,25.915454864501953
2013-03-22,28.760000228881836,28.350000381469727,28.690000534057617,28.440000534057617,1154600.0,25.80656623840332
2013-03-25,28.639999389648438,27.56999969482422,28.639999389648438,27.729999542236328,865100.0,25.162303924560547
2013-03-26,27.969999313354492,27.56999969482422,27.81999969482422,27.690000534057617,1082400.0,25.12601661682129
2013-03-27,27.540000915527344,27.280000686645508,27.5,27.290000915527344,1269700.0,24.763051986694336
2013-03-28,27.59000015258789,27.260000228881836,27.3700008392334,27.559999465942383,1392700.0,25.008056640625
2013-04-01,27.649999618530273,27.040000915527344,27.559999465942383,27.25,661400.0,24.72675323486328
2013-04-02,27.65999984741211,27.1200008392334,27.420000076293945,27.219999313354492,552600.0,24.699533462524414
2013-04-03,27.329999923706055,26.799999237060547,27.149999618530273,27.1200008392334,1416400.0,24.608797073364258
2013-04-04,27.719999313354492,27.15999984741211,27.15999984741211,27.719999313354492,982500.0,25.15323829650879
2013-04-05,27.649999618530273,27.200000762939453,27.40999984741211,27.600000381469727,1421700.0,25.044353485107422
2013-04-08,27.850000381469727,27.3799991607666,27.59000015258789,27.850000381469727,642000.0,25.271198272705078
2013-04-09,28.030000686645508,27.59000015258789,27.850000381469727,27.959999084472656,754000.0,25.371009826660156
2013-04-10,28.690000534057617,28.030000686645508,28.049999237060547,28.690000534057617,1110000.0,26.033416748046875
2013-04-11,28.860000610351562,28.469999313354492,28.649999618530273,28.860000610351562,924700.0,26.18767738342285
2013-04-12,28.760000228881836,28.420000076293945,28.709999084472656,28.600000381469727,618600.0,25.951749801635742
2013-04-15,28.360000610351562,27.290000915527344,28.200000762939453,27.420000076293945,1603800.0,24.88101577758789
2013-04-16,27.690000534057617,27.25,27.530000686645508,27.65999984741211,1391500.0,25.098791122436523
2013-04-17,27.610000610351562,27.020000457763672,27.479999542236328,27.280000686645508,1192600.0,24.753976821899414
2013-04-18,27.520000457763672,26.8799991607666,27.3700008392334,27.040000915527344,772800.0,24.536205291748047
2013-04-19,27.389999389648438,26.93000030517578,27.100000381469727,26.989999771118164,789500.0,24.490829467773438
2013-04-22,27.110000610351562,26.639999389648438,26.959999084472656,26.84000015258789,907000.0,24.354721069335938
2013-04-23,27.43000030517578,26.920000076293945,26.920000076293945,27.389999389648438,621900.0,24.853788375854492
2013-04-24,27.969999313354492,27.459999084472656,27.459999084472656,27.690000534057617,630400.0,25.12601661682129
2013-04-25,27.950000762939453,27.739999771118164,27.790000915527344,27.860000610351562,1025000.0,25.2802734375
2013-04-26,27.8799991607666,27.530000686645508,27.8799991607666,27.709999084472656,721500.0,25.144161224365234
2013-04-29,28.290000915527344,27.690000534057617,27.760000228881836,28.25,664400.0,25.6341609954834
2013-04-30,28.100000381469727,26.3799991607666,27.809999465942383,27.75,2809700.0,25.18045997619629
2013-05-01,27.700000762939453,27.1200008392334,27.610000610351562,27.5,1728700.0,24.953609466552734
2013-05-02,27.709999084472656,27.40999984741211,27.510000228881836,27.440000534057617,1041300.0,24.899166107177734
2013-05-03,27.739999771118164,27.239999771118164,27.739999771118164,27.360000610351562,1387000.0,24.826568603515625
2013-05-06,27.65999984741211,27.260000228881836,27.3799991607666,27.40999984741211,1050600.0,24.871944427490234
2013-05-07,27.829999923706055,27.459999084472656,27.530000686645508,27.68000030517578,1070100.0,25.116943359375
2013-05-08,28.200000762939453,27.639999389648438,27.709999084472656,28.110000610351562,1139700.0,25.507122039794922
2013-05-09,28.200000762939453,27.790000915527344,28.1200008392334,27.8799991607666,924000.0,25.298419952392578
2013-05-10,28.09000015258789,27.700000762939453,27.959999084472656,27.799999237060547,863900.0,25.225828170776367
2013-05-13,27.81999969482422,27.350000381469727,27.75,27.540000915527344,1150200.0,24.98990821838379
2013-05-14,28.399999618530273,27.59000015258789,27.610000610351562,28.309999465942383,1665300.0,25.68860626220703
2013-05-15,28.940000534057617,28.1299991607666,28.190000534057617,28.600000381469727,1695900.0,25.951749801635742
2013-05-16,28.950000762939453,28.59000015258789,28.59000015258789,28.639999389648438,799000.0,25.988048553466797
2013-05-17,29.09000015258789,28.790000915527344,28.850000381469727,28.93000030517578,502700.0,26.251195907592773
2013-05-20,29.149999618530273,28.639999389648438,28.770000457763672,28.8799991607666,666600.0,26.311689376831055
2013-05-21,29.190000534057617,28.68000030517578,28.899999618530273,28.700000762939453,450100.0,26.1476993560791
2013-05-22,28.969999313354492,28.3700008392334,28.68000030517578,28.510000228881836,1412200.0,25.974592208862305
2013-05-23,28.450000762939453,27.920000076293945,28.280000686645508,28.049999237060547,931600.0,25.555500030517578
2013-05-24,27.959999084472656,27.610000610351562,27.850000381469727,27.850000381469727,582600.0,25.373292922973633
2013-05-28,28.389999389648438,27.979999542236328,28.170000076293945,28.059999465942383,715900.0,25.56461524963379
2013-05-29,28.1299991607666,27.770000457763672,27.899999618530273,28.049999237060547,888000.0,25.555500030517578
2013-05-30,28.68000030517578,28.049999237060547,28.1299991607666,28.549999237060547,1034500.0,26.011035919189453
2013-05-31,28.700000762939453,28.139999389648438,28.40999984741211,28.139999389648438,910900.0,25.63749122619629
2013-06-03,28.389999389648438,27.770000457763672,28.219999313354492,28.25,1013600.0,25.737716674804688
2013-06-04,28.469999313354492,27.729999542236328,28.239999771118164,27.860000610351562,479800.0,25.38239860534668
2013-06-05,27.860000610351562,27.190000534057617,27.81999969482422,27.200000762939453,668800.0,24.781095504760742
2013-06-06,27.440000534057617,26.489999771118164,26.5,27.299999237060547,867900.0,24.872196197509766
2013-06-07,27.799999237060547,27.329999923706055,27.479999542236328,27.549999237060547,866300.0,25.099966049194336
2013-06-10,27.6299991607666,27.299999237060547,27.6299991607666,27.5,625100.0,25.054412841796875
2013-06-11,27.489999771118164,27.110000610351562,27.25,27.209999084472656,654300.0,24.79020118713379
2013-06-12,27.479999542236328,26.959999084472656,27.479999542236328,27.010000228881836,834400.0,24.60799217224121
2013-06-13,27.389999389648438,26.90999984741211,26.940000534057617,27.270000457763672,805800.0,24.844865798950195
2013-06-14,27.510000228881836,27.049999237060547,27.239999771118164,27.1200008392334,349600.0,24.708209991455078
2013-06-17,27.540000915527344,27.06999969482422,27.260000228881836,27.270000457763672,750600.0,24.844865798950195
2013-06-18,27.670000076293945,27.350000381469727,27.360000610351562,27.65999984741211,666700.0,25.20018768310547
2013-06-19,27.690000534057617,27.239999771118164,27.649999618530273,27.25,605400.0,24.826642990112305
2013-06-20,27.1200008392334,26.389999389648438,26.989999771118164,26.40999984741211,1268200.0,24.061349868774414
2013-06-21,26.700000762939453,25.8700008392334,26.6200008392334,26.100000381469727,1933200.0,23.77891731262207
2013-06-24,26.020000457763672,25.559999465942383,25.889999389648438,25.770000457763672,1399900.0,23.47826385498047
2013-06-25,26.100000381469727,25.809999465942383,25.950000762939453,25.93000030517578,1245000.0,23.624034881591797
2013-06-26,26.18000030517578,25.979999542236328,26.06999969482422,26.079999923706055,971200.0,23.76069450378418
2013-06-27,26.6299991607666,26.1299991607666,26.229999542236328,26.6299991607666,1213800.0,24.261781692504883
2013-06-28,27.040000915527344,26.43000030517578,26.5,26.940000534057617,1758900.0,24.544212341308594
2013-07-01,28.5,27.1200008392334,27.1200008392334,27.649999618530273,1479900.0,25.19108009338379
2013-07-02,27.709999084472656,27.389999389648438,27.59000015258789,27.5,1432800.0,25.054412841796875
2013-07-03,27.709999084472656,27.34000015258789,27.389999389648438,27.6299991607666,330300.0,25.1728515625
2013-07-05,28.0,27.649999618530273,27.780000686645508,27.979999542236328,570100.0,25.491727828979492
2013-07-08,28.270000457763672,28.010000228881836,28.059999465942383,28.15999984741211,759400.0,25.65572166442871
2013-07-09,29.010000228881836,28.299999237060547,28.34000015258789,28.540000915527344,1425600.0,26.00192642211914
2013-07-10,29.049999237060547,28.5,28.540000915527344,28.969999313354492,1069100.0,26.393688201904297
2013-07-11,29.790000915527344,28.93000030517578,29.3799991607666,29.030000686645508,1195100.0,26.448352813720703
2013-07-12,29.209999084472656,28.920000076293945,29.030000686645508,29.079999923706055,671000.0,26.493900299072266
2013-07-15,29.299999237060547,29.059999465942383,29.209999084472656,29.059999465942383,903700.0,26.475685119628906
2013-07-16,29.18000030517578,28.559999465942383,29.1299991607666,28.579999923706055,901700.0,26.038368225097656
2013-07-17,28.81999969482422,28.549999237060547,28.75,28.6299991607666,539100.0,26.08392906188965
2013-07-18,29.25,28.760000228881836,28.760000228881836,28.93000030517578,609600.0,26.357242584228516
2013-07-19,28.959999084472656,28.639999389648438,28.760000228881836,28.790000915527344,602800.0,26.229698181152344
2013-07-22,29.0,28.68000030517578,28.84000015258789,28.8700008392334,560600.0,26.302576065063477
2013-07-23,28.90999984741211,28.649999618530273,28.899999618530273,28.709999084472656,897900.0,26.156808853149414
2013-07-24,28.8700008392334,28.520000457763672,28.739999771118164,28.59000015258789,546400.0,26.0474796295166
2013-07-25,28.940000534057617,28.489999771118164,28.489999771118164,28.829999923706055,826600.0,26.266138076782227
2013-07-26,28.8700008392334,28.489999771118164,28.59000015258789,28.670000076293945,632100.0,26.120365142822266
2013-07-29,28.65999984741211,28.420000076293945,28.469999313354492,28.459999084472656,659300.0,25.929039001464844
2013-07-30,26.68000030517578,23.610000610351562,26.0,25.540000915527344,10022400.0,23.26871681213379
2013-07-31,25.450000762939453,24.790000915527344,25.450000762939453,24.93000030517578,6312300.0,22.71296501159668
2013-08-01,25.43000030517578,24.90999984741211,25.18000030517578,25.190000534057617,5562300.0,22.94984245300293
2013-08-02,25.40999984741211,25.040000915527344,25.09000015258789,25.270000457763672,1796500.0,23.02272605895996
2013-08-05,25.399999618530273,25.059999465942383,25.170000076293945,25.280000686645508,1635900.0,23.031841278076172
2013-08-06,25.479999542236328,25.200000762939453,25.260000228881836,25.43000030517578,1934500.0,23.168498992919922
2013-08-07,25.360000610351562,24.81999969482422,25.360000610351562,24.899999618530273,2168600.0,22.685630798339844
2013-08-08,25.209999084472656,24.950000762939453,25.079999923706055,24.979999542236328,1776200.0,22.75852394104004
2013-08-09,25.059999465942383,24.81999969482422,24.93000030517578,24.979999542236328,2123200.0,22.75852394104004
2013-08-12,25.020000457763672,24.719999313354492,24.8799991607666,24.829999923706055,1474400.0,22.621856689453125
2013-08-13,25.030000686645508,24.770000457763672,24.950000762939453,24.969999313354492,1580000.0,22.749406814575195
2013-08-14,25.030000686645508,24.829999923706055,25.0,24.989999771118164,1350200.0,22.767629623413086
2013-08-15,24.959999084472656,24.600000381469727,24.780000686645508,24.719999313354492,3129200.0,22.52164077758789
2013-08-16,24.700000762939453,24.290000915527344,24.639999389648438,24.520000457763672,1352500.0,22.339427947998047
2013-08-19,24.760000228881836,24.43000030517578,24.56999969482422,24.6200008392334,832900.0,22.4305362701416
2013-08-20,24.610000610351562,24.260000228881836,24.600000381469727,24.299999237060547,1491300.0,22.138992309570312
2013-08-21,24.530000686645508,24.190000534057617,24.420000076293945,24.190000534057617,1029200.0,22.038772583007812
2013-08-22,24.479999542236328,24.139999389648438,24.200000762939453,24.3799991607666,1113400.0,22.211870193481445
2013-08-23,24.5,24.270000457763672,24.450000762939453,24.299999237060547,1656000.0,22.138992309570312
2013-08-26,24.690000534057617,24.350000381469727,24.350000381469727,24.579999923706055,1059400.0,22.394092559814453
2013-08-27,24.479999542236328,24.18000030517578,24.40999984741211,24.270000457763672,1338000.0,22.111656188964844
2013-08-28,24.540000915527344,24.219999313354492,24.219999313354492,24.510000228881836,840000.0,22.330310821533203
2013-08-29,25.010000228881836,24.420000076293945,24.469999313354492,24.950000762939453,1687900.0,22.73118782043457
2013-08-30,24.940000534057617,24.68000030517578,24.940000534057617,24.780000686645508,1844200.0,22.6821231842041
2013-09-03,25.15999984741211,24.950000762939453,25.030000686645508,25.079999923706055,1935800.0,22.956727981567383
2013-09-04,25.649999618530273,25.040000915527344,25.040000915527344,25.5,913000.0,23.341171264648438
2013-09-05,26.010000228881836,25.5,25.5,25.90999984741211,1055800.0,23.716459274291992
2013-09-06,26.360000610351562,25.780000686645508,26.079999923706055,26.170000076293945,1870000.0,23.95444107055664
2013-09-09,26.850000381469727,26.219999313354492,26.229999542236328,26.780000686645508,1924200.0,24.512802124023438
2013-09-10,27.15999984741211,26.8700008392334,26.889999389648438,27.06999969482422,1922100.0,24.77825164794922
2013-09-11,27.18000030517578,27.0,27.010000228881836,27.110000610351562,3056900.0,24.814865112304688
2013-09-12,27.09000015258789,26.889999389648438,27.049999237060547,26.959999084472656,1407500.0,24.677570343017578
2013-09-13,26.989999771118164,26.84000015258789,26.93000030517578,26.950000762939453,2205300.0,24.668415069580078
2013-09-16,27.299999237060547,27.049999237060547,27.260000228881836,27.15999984741211,2203800.0,24.860628128051758
2013-09-17,27.299999237060547,27.010000228881836,27.170000076293945,27.25,1527000.0,24.94301414489746
2013-09-18,27.65999984741211,26.709999084472656,27.219999313354492,27.489999771118164,2833300.0,25.162696838378906
2013-09-19,28.09000015258789,27.34000015258789,27.56999969482422,27.510000228881836,2545300.0,25.181005477905273
2013-09-20,27.719999313354492,27.149999618530273,27.65999984741211,27.170000076293945,3528000.0,24.869783401489258
2013-09-23,27.280000686645508,26.940000534057617,27.1200008392334,27.0,980600.0,24.714174270629883
2013-09-24,27.469999313354492,27.0,27.040000915527344,27.360000610351562,1378800.0,25.0437068939209
2013-09-25,27.610000610351562,27.3799991607666,27.40999984741211,27.530000686645508,1673200.0,25.199310302734375
2013-09-26,28.399999618530273,28.020000457763672,28.020000457763672,28.229999542236328,2730700.0,25.840044021606445
2013-09-27,28.149999618530273,27.889999389648438,28.059999465942383,27.989999771118164,1658800.0,25.62036895751953
2013-09-30,27.979999542236328,27.709999084472656,27.770000457763672,27.93000030517578,1112900.0,25.565444946289062
2013-10-01,28.280000686645508,27.93000030517578,27.959999084472656,28.239999771118164,1110400.0,25.849199295043945
2013-10-02,28.1200008392334,27.81999969482422,28.030000686645508,28.1200008392334,1601300.0,25.73935890197754
2013-10-03,28.1200008392334,27.709999084472656,28.020000457763672,27.899999618530273,1390600.0,25.53798484802246
2013-10-04,28.270000457763672,27.799999237060547,27.899999618530273,28.18000030517578,624700.0,25.79427719116211
2013-10-07,28.110000610351562,27.889999389648438,27.969999313354492,28.0,1045600.0,25.629518508911133
2013-10-08,28.079999923706055,27.389999389648438,28.0,27.399999618530273,1093400.0,25.08031463623047
2013-10-09,27.530000686645508,26.989999771118164,27.479999542236328,27.209999084472656,1478300.0,24.90639305114746
2013-10-10,27.959999084472656,27.459999084472656,27.489999771118164,27.93000030517578,728000.0,25.565444946289062
2013-10-11,28.149999618530273,27.700000762939453,27.850000381469727,28.100000381469727,943100.0,25.721050262451172
2013-10-14,28.239999771118164,27.959999084472656,28.040000915527344,28.170000076293945,1045600.0,25.78512954711914
2013-10-15,28.239999771118164,27.8799991607666,28.040000915527344,27.920000076293945,1376400.0,25.556293487548828
2013-10-16,28.049999237060547,27.760000228881836,28.020000457763672,27.920000076293945,1117200.0,25.556293487548828
2013-10-17,27.90999984741211,27.3700008392334,27.84000015258789,27.489999771118164,2235100.0,25.162696838378906
2013-10-18,27.850000381469727,27.579999923706055,27.610000610351562,27.829999923706055,898900.0,25.473907470703125
2013-10-21,28.350000381469727,27.739999771118164,27.81999969482422,28.329999923706055,2116000.0,26.040496826171875
2013-10-22,28.43000030517578,27.90999984741211,28.350000381469727,28.209999084472656,1403900.0,25.930191040039062
2013-10-23,28.420000076293945,27.989999771118164,28.139999389648438,28.34000015258789,983500.0,26.049686431884766
2013-10-24,28.75,28.299999237060547,28.3700008392334,28.690000534057617,781800.0,26.37140464782715
2013-10-25,29.020000457763672,28.610000610351562,28.739999771118164,28.989999771118164,983700.0,26.64715576171875
2013-10-28,29.1200008392334,28.6200008392334,28.940000534057617,28.93000030517578,1647800.0,26.592002868652344
2013-10-29,33.79999923706055,31.559999465942383,33.130001068115234,32.529998779296875,7931900.0,29.901073455810547
2013-10-30,33.560001373291016,32.33000183105469,32.47999954223633,33.47999954223633,3006300.0,30.774290084838867
2013-10-31,34.65999984741211,33.38999938964844,33.45000076293945,34.5,2501000.0,31.711872100830078
2013-11-01,34.63999938964844,32.97999954223633,34.529998779296875,33.220001220703125,3774800.0,30.535306930541992
2013-11-04,34.099998474121094,33.27000045776367,33.38999938964844,33.90999984741211,1749800.0,31.16954231262207
2013-11-05,33.869998931884766,33.470001220703125,33.75,33.75,1612900.0,31.02248191833496
2013-11-06,33.93000030517578,33.16999816894531,33.880001068115234,33.5099983215332,1935000.0,30.80186653137207
2013-11-07,33.689998626708984,33.04999923706055,33.59000015258789,33.11000061035156,1592000.0,30.43419647216797
2013-11-08,34.06999969482422,33.119998931884766,33.13999938964844,33.97999954223633,1457300.0,31.23389434814453
2013-11-11,34.16999816894531,33.83000183105469,33.97999954223633,33.959999084472656,842600.0,31.21550941467285
2013-11-12,34.09000015258789,33.630001068115234,33.81999969482422,33.939998626708984,1118800.0,31.197118759155273
2013-11-13,34.34000015258789,33.630001068115234,33.810001373291016,34.31999969482422,987700.0,31.546415328979492
2013-11-14,34.59000015258789,33.91999816894531,34.45000076293945,34.380001068115234,1167100.0,31.601564407348633
2013-11-15,34.650001525878906,34.220001220703125,34.369998931884766,34.470001220703125,795100.0,31.68428611755371
2013-11-18,34.529998779296875,33.84000015258789,34.470001220703125,33.939998626708984,999500.0,31.197118759155273
2013-11-19,34.279998779296875,33.95000076293945,33.95000076293945,34.150001525878906,1273100.0,31.390151977539062
2013-11-20,34.93000030517578,34.060001373291016,34.38999938964844,34.29999923706055,1382800.0,31.528024673461914
2013-11-21,34.720001220703125,34.2400016784668,34.400001525878906,34.58000183105469,1410800.0,31.785390853881836
2013-11-22,34.65999984741211,34.33000183105469,34.560001373291016,34.58000183105469,1158600.0,31.785390853881836
2013-11-25,34.880001068115234,34.369998931884766,34.599998474121094,34.529998779296875,1008900.0,31.739437103271484
2013-11-26,34.81999969482422,34.369998931884766,34.61000061035156,34.66999816894531,822000.0,31.868120193481445
2013-11-27,34.849998474121094,34.540000915527344,34.790000915527344,34.77000045776367,368700.0,31.960033416748047
2013-11-29,34.86000061035156,34.529998779296875,34.7599983215332,34.560001373291016,563800.0,31.767011642456055
2013-12-02,34.68000030517578,33.849998474121094,34.68000030517578,33.90999984741211,1295200.0,31.16954231262207
2013-12-03,34.08000183105469,33.16999816894531,33.849998474121094,33.58000183105469,2468700.0,30.866212844848633
2013-12-04,33.72999954223633,33.06999969482422,33.45000076293945,33.560001373291016,1062500.0,30.847827911376953
2013-12-05,33.97999954223633,33.43000030517578,33.52000045776367,33.779998779296875,1124500.0,31.050048828125
2013-12-06,34.08000183105469,33.40999984741211,34.08000183105469,33.5099983215332,1535600.0,30.80186653137207
2013-12-09,33.95000076293945,33.54999923706055,33.63999938964844,33.630001068115234,980400.0,30.912174224853516
2013-12-10,33.93000030517578,33.529998779296875,33.529998779296875,33.540000915527344,785500.0,30.82944107055664
2013-12-11,33.560001373291016,32.88999938964844,33.5099983215332,32.90999984741211,938200.0,30.250354766845703
2013-12-12,33.68000030517578,32.790000915527344,32.939998626708984,33.5099983215332,1312600.0,30.80186653137207
2013-12-13,33.900001525878906,33.5099983215332,33.529998779296875,33.810001373291016,1077600.0,31.0776309967041
2013-12-16,34.22999954223633,33.790000915527344,33.869998931884766,33.88999938964844,867300.0,31.151166915893555
2013-12-17,34.11000061035156,33.720001220703125,33.849998474121094,34.099998474121094,1044000.0,31.344192504882812
2013-12-18,34.7400016784668,33.959999084472656,34.20000076293945,34.70000076293945,1218900.0,31.895692825317383
2013-12-19,34.790000915527344,34.06999969482422,34.52000045776367,34.15999984741211,1205100.0,31.39934730529785
2013-12-20,34.459999084472656,33.95000076293945,34.290000915527344,34.08000183105469,1959300.0,31.325815200805664
2013-12-23,34.54999923706055,34.16999816894531,34.310001373291016,34.189998626708984,704900.0,31.426923751831055
2013-12-24,34.5,34.18000030517578,34.22999954223633,34.33000183105469,311200.0,31.55561065673828
2013-12-26,34.790000915527344,34.47999954223633,34.5099983215332,34.689998626708984,270800.0,31.886503219604492
2013-12-27,34.880001068115234,34.470001220703125,34.689998626708984,34.54999923706055,242700.0,31.757823944091797
2013-12-30,34.84000015258789,34.439998626708984,34.4900016784668,34.58000183105469,561700.0,31.785390853881836
2013-12-31,34.869998931884766,34.59000015258789,34.650001525878906,34.599998474121094,558000.0,31.80377769470215
2014-01-02,34.5,33.9900016784668,34.38999938964844,34.15999984741211,765100.0,31.39934730529785
2014-01-03,34.849998474121094,34.150001525878906,34.150001525878906,34.470001220703125,454500.0,31.68428611755371
2014-01-06,34.88999938964844,34.33000183105469,34.63999938964844,34.40999984741211,849400.0,31.629140853881836
2014-01-07,34.84000015258789,34.400001525878906,34.470001220703125,34.5099983215332,611100.0,31.721046447753906
2014-01-08,34.630001068115234,34.130001068115234,34.439998626708984,34.4900016784668,1235000.0,31.702672958374023
2014-01-09,34.77000045776367,34.369998931884766,34.54999923706055,34.630001068115234,760800.0,31.83134651184082
2014-01-10,35.290000915527344,34.54999923706055,34.54999923706055,34.90999984741211,955700.0,32.08872985839844
2014-01-13,35.29999923706055,34.83000183105469,34.88999938964844,35.02000045776367,1856700.0,32.18983840942383
2014-01-14,35.59000015258789,34.86000061035156,35.040000915527344,35.58000183105469,1716700.0,32.704586029052734
2014-01-15,36.439998626708984,35.779998779296875,35.779998779296875,36.369998931884766,2145200.0,33.43074035644531
2014-01-16,37.0099983215332,36.099998474121094,36.279998779296875,36.63999938964844,1238300.0,33.678916931152344
2014-01-17,37.04999923706055,36.43000030517578,36.7599983215332,36.56999969482422,868300.0,33.61456298828125
2014-01-21,36.72999954223633,35.66999816894531,36.689998626708984,35.91999816894531,1515000.0,33.01709747314453
2014-01-22,36.63999938964844,36.0,36.27000045776367,36.4900016784668,1207400.0,33.5410270690918
2014-01-23,36.31999969482422,35.290000915527344,36.2400016784668,35.439998626708984,1027100.0,32.575897216796875
2014-01-24,35.310001373291016,33.63999938964844,35.2400016784668,33.68000030517578,1574700.0,30.9581298828125
2014-01-27,33.79999923706055,33.08000183105469,33.709999084472656,33.38999938964844,1654700.0,30.691566467285156
2014-01-28,34.0099983215332,33.43000030517578,33.540000915527344,33.90999984741211,909500.0,31.16954231262207
2014-01-29,34.31999969482422,33.209999084472656,33.709999084472656,33.2400016784668,1217300.0,30.553686141967773
2014-01-30,33.68000030517578,33.33000183105469,33.56999969482422,33.36000061035156,1397700.0,30.663991928100586
2014-01-31,33.38999938964844,32.619998931884766,33.0,33.36000061035156,1939700.0,30.663991928100586
2014-02-03,33.52000045776367,32.630001068115234,33.36000061035156,32.79999923706055,3086600.0,30.149248123168945
2014-02-04,36.41999816894531,34.41999816894531,34.86000061035156,36.27000045776367,3716300.0,33.33881759643555
2014-02-05,36.47999954223633,35.38999938964844,36.310001373291016,35.52000045776367,2203800.0,32.6494255065918
2014-02-06,36.650001525878906,35.59000015258789,35.59000015258789,36.459999084472656,1622500.0,33.51346206665039
2014-02-07,37.220001220703125,36.65999984741211,36.7400016784668,36.959999084472656,1436100.0,33.973052978515625
2014-02-10,37.130001068115234,36.40999984741211,37.0,36.880001068115234,835900.0,33.89951705932617
2014-02-11,37.40999984741211,36.849998474121094,37.0099983215332,37.099998474121094,1414400.0,34.10175323486328
2014-02-12,37.59000015258789,37.220001220703125,37.25,37.400001525878906,1110000.0,34.37750244140625
2014-02-13,37.84000015258789,37.02000045776367,37.16999816894531,37.84000015258789,1030000.0,34.781944274902344
2014-02-14,38.060001373291016,37.709999084472656,37.72999954223633,38.04999923706055,881200.0,35.09366989135742
2014-02-18,38.72999954223633,38.06999969482422,38.2400016784668,38.56999969482422,1426000.0,35.57326889038086
2014-02-19,38.75,37.529998779296875,38.529998779296875,37.619998931884766,1100200.0,34.69708251953125
2014-02-20,38.790000915527344,37.65999984741211,37.7599983215332,38.709999084472656,852200.0,35.702396392822266
2014-02-21,39.06999969482422,38.709999084472656,38.79999923706055,38.86000061035156,1321000.0,35.84074401855469
2014-02-24,39.790000915527344,38.77000045776367,38.91999816894531,39.400001525878906,1167700.0,36.33879470825195
2014-02-25,39.599998474121094,38.65999984741211,39.45000076293945,38.7599983215332,919700.0,35.748512268066406
2014-02-26,39.439998626708984,38.709999084472656,38.93000030517578,39.25,1059500.0,36.200435638427734
2014-02-27,39.470001220703125,38.93000030517578,39.2400016784668,39.369998931884766,573400.0,36.31111526489258
2014-02-28,39.540000915527344,39.060001373291016,39.279998779296875,39.349998474121094,866900.0,36.29267120361328
2014-03-03,39.2400016784668,38.34000015258789,39.13999938964844,38.599998474121094,1407700.0,35.60094451904297
2014-03-04,39.20000076293945,38.56999969482422,38.97999954223633,38.790000915527344,1493200.0,35.77618408203125
2014-03-05,38.93000030517578,38.470001220703125,38.66999816894531,38.5,1163100.0,35.50871276855469
2014-03-06,38.86000061035156,38.2599983215332,38.5,38.29999923706055,1523100.0,35.32425308227539
2014-03-07,38.84000015258789,38.349998474121094,38.54999923706055,38.63999938964844,1323900.0,35.63783645629883
2014-03-10,38.58000183105469,37.83000183105469,38.5,38.04999923706055,970400.0,35.09366989135742
2014-03-11,38.38999938964844,37.72999954223633,38.0,37.849998474121094,1349700.0,34.90921401977539
2014-03-12,37.81999969482422,37.25,37.599998474121094,37.400001525878906,930800.0,34.49418640136719
2014-03-13,37.70000076293945,36.560001373291016,37.4900016784668,36.7400016784668,1083400.0,33.88546371459961
2014-03-14,37.18000030517578,36.650001525878906,36.650001525878906,36.790000915527344,863000.0,33.93156814575195
2014-03-17,37.220001220703125,36.63999938964844,36.95000076293945,36.810001373291016,953900.0,33.95002365112305
2014-03-18,36.93000030517578,36.709999084472656,36.900001525878906,36.779998779296875,920000.0,33.92234802246094
2014-03-19,36.869998931884766,36.150001525878906,36.779998779296875,36.439998626708984,810100.0,33.608760833740234
2014-03-20,36.58000183105469,35.880001068115234,36.290000915527344,36.34000015258789,1077500.0,33.516544342041016
2014-03-21,36.7599983215332,36.25,36.63999938964844,36.279998779296875,2900600.0,33.46120071411133
2014-03-24,36.720001220703125,35.70000076293945,36.41999816894531,35.709999084472656,1100800.0,32.93550109863281
2014-03-25,36.81999969482422,35.970001220703125,35.970001220703125,36.619998931884766,1431400.0,33.77477264404297
2014-03-26,36.95000076293945,35.81999969482422,36.77000045776367,35.84000015258789,762200.0,33.05538558959961
2014-03-27,35.95000076293945,35.34000015258789,35.72999954223633,35.779998779296875,974900.0,33.00004577636719
2014-03-28,36.310001373291016,35.779998779296875,35.83000183105469,36.0,626300.0,33.20295715332031
2014-03-31,36.5099983215332,36.099998474121094,36.220001220703125,36.41999816894531,771500.0,33.59031677246094
2014-04-01,37.25,36.349998474121094,36.470001220703125,37.150001525878906,1385500.0,34.26361083984375
2014-04-02,37.779998779296875,36.95000076293945,37.13999938964844,37.77000045776367,1345700.0,34.83543395996094
2014-04-03,37.93000030517578,37.2400016784668,37.79999923706055,37.27000045776367,1576500.0,34.3742790222168
2014-04-04,37.880001068115234,37.25,37.470001220703125,37.29999923706055,1543700.0,34.40194320678711
2014-04-07,37.349998474121094,36.04999923706055,37.220001220703125,36.380001068115234,1380900.0,33.55343246459961
2014-04-08,36.54999923706055,35.970001220703125,36.22999954223633,36.040000915527344,1469300.0,33.239845275878906
2014-04-09,37.029998779296875,35.97999954223633,36.209999084472656,37.0099983215332,813100.0,34.13447952270508
2014-04-10,37.119998931884766,35.880001068115234,37.119998931884766,35.90999984741211,1586100.0,33.11994171142578
2014-04-11,36.290000915527344,35.11000061035156,35.970001220703125,35.220001220703125,1295000.0,32.483558654785156
2014-04-14,35.470001220703125,34.77000045776367,35.45000076293945,35.119998931884766,1137700.0,32.391326904296875
2014-04-15,35.18000030517578,34.5,35.119998931884766,34.88999938964844,1391700.0,32.17919921875
2014-04-16,35.7599983215332,34.93000030517578,35.150001525878906,35.4900016784668,1106600.0,32.73257827758789
2014-04-17,35.72999954223633,35.22999954223633,35.529998779296875,35.29999923706055,1431800.0,32.557342529296875
2014-04-21,35.59000015258789,35.02000045776367,35.310001373291016,35.52000045776367,606200.0,32.76023864746094
2014-04-22,35.939998626708984,35.380001068115234,35.529998779296875,35.709999084472656,635200.0,32.93550109863281
2014-04-23,35.900001525878906,35.56999969482422,35.61000061035156,35.68000030517578,510100.0,32.90782165527344
2014-04-24,36.20000076293945,35.43000030517578,35.90999984741211,35.79999923706055,834300.0,33.01849365234375
2014-04-25,35.630001068115234,35.02000045776367,35.630001068115234,35.40999984741211,929100.0,32.65878677368164
2014-04-28,35.72999954223633,34.93000030517578,35.66999816894531,35.36000061035156,1091300.0,32.6126823425293
2014-04-29,37.58000183105469,36.08000183105469,37.38999938964844,36.439998626708984,1478300.0,33.608760833740234
2014-04-30,37.63999938964844,36.630001068115234,37.150001525878906,37.59000015258789,1765900.0,34.66941833496094
2014-05-01,37.61000061035156,36.720001220703125,37.529998779296875,36.959999084472656,1230400.0,34.08837127685547
2014-05-02,37.36000061035156,36.83000183105469,37.0,36.86000061035156,776700.0,33.99613952636719
2014-05-05,37.02000045776367,36.33000183105469,36.630001068115234,36.77000045776367,527800.0,33.91312789916992
2014-05-06,37.13999938964844,36.529998779296875,36.709999084472656,36.93000030517578,716200.0,34.06070327758789
2014-05-07,37.279998779296875,36.689998626708984,37.18000030517578,37.220001220703125,641100.0,34.328163146972656
2014-05-08,38.5,36.93000030517578,38.5,37.29999923706055,702600.0,34.40194320678711
2014-05-09,37.189998626708984,36.75,37.18000030517578,37.189998626708984,432500.0,34.30050277709961
2014-05-12,38.060001373291016,37.310001373291016,37.459999084472656,38.029998779296875,714100.0,35.07523727416992
2014-05-13,38.369998931884766,37.869998931884766,38.150001525878906,37.959999084472656,785600.0,35.01067352294922
2014-05-14,38.02000045776367,37.529998779296875,37.95000076293945,37.7599983215332,649400.0,34.82621383666992
2014-05-15,37.70000076293945,37.040000915527344,37.56999969482422,37.22999954223633,668400.0,34.3373908996582
2014-05-16,37.279998779296875,36.650001525878906,37.15999984741211,36.900001525878906,938000.0,34.033023834228516
2014-05-19,37.95000076293945,36.61000061035156,36.7400016784668,37.900001525878906,940000.0,35.07700729370117
2014-05-20,37.939998626708984,37.099998474121094,37.810001373291016,37.279998779296875,1014700.0,34.50318908691406
2014-05-21,38.34000015258789,37.290000915527344,37.349998474121094,37.81999969482422,2069200.0,35.00297546386719
2014-05-22,38.209999084472656,37.650001525878906,37.81999969482422,37.95000076293945,952700.0,35.1232795715332
2014-05-23,38.650001525878906,37.7599983215332,37.93000030517578,38.41999816894531,1272000.0,35.55827713012695
2014-05-27,38.90999984741211,38.43000030517578,38.560001373291016,38.540000915527344,550000.0,35.669342041015625
2014-05-28,38.630001068115234,38.13999938964844,38.5,38.15999984741211,741300.0,35.31764221191406
2014-05-29,38.18000030517578,36.5,38.130001068115234,36.75,2807700.0,34.012664794921875
2014-05-30,37.34000015258789,36.720001220703125,36.720001220703125,37.29999923706055,1674200.0,34.52170181274414
2014-06-02,37.65999984741211,37.060001373291016,37.38999938964844,37.529998779296875,1171300.0,34.73457336425781
2014-06-03,37.43000030517578,37.20000076293945,37.34000015258789,37.22999954223633,1268100.0,34.45692443847656
2014-06-04,37.310001373291016,36.83000183105469,37.18000030517578,36.880001068115234,913600.0,34.13297653198242
2014-06-05,37.4900016784668,36.88999938964844,36.95000076293945,37.369998931884766,1182200.0,34.58648681640625
2014-06-06,37.79999923706055,36.959999084472656,37.209999084472656,37.75,1426100.0,34.93817138671875
2014-06-09,38.5,37.56999969482422,37.56999969482422,38.11000061035156,1028100.0,35.2713623046875
2014-06-10,38.27000045776367,37.7400016784668,38.029998779296875,38.130001068115234,811000.0,35.289878845214844
2014-06-11,37.97999954223633,37.52000045776367,37.959999084472656,37.959999084472656,759900.0,35.13253402709961
2014-06-12,38.040000915527344,37.459999084472656,37.84000015258789,37.77000045776367,2333400.0,34.956687927246094
2014-06-13,38.650001525878906,37.72999954223633,37.7400016784668,38.599998474121094,1301400.0,35.72486877441406
2014-06-16,38.7400016784668,38.33000183105469,38.4900016784668,38.470001220703125,869800.0,35.60456085205078
2014-06-17,38.72999954223633,38.130001068115234,38.31999969482422,38.58000183105469,678600.0,35.70635986328125
2014-06-18,39.08000183105469,38.25,38.709999084472656,38.91999816894531,889200.0,36.021034240722656
2014-06-19,39.470001220703125,38.59000015258789,39.0,39.34000015258789,995400.0,36.40974807739258
2014-06-20,39.84000015258789,39.029998779296875,39.41999816894531,39.66999816894531,1568800.0,36.71517562866211
2014-06-23,39.959999084472656,39.43000030517578,39.720001220703125,39.779998779296875,1028400.0,36.816978454589844
2014-06-24,40.0,39.13999938964844,39.63999938964844,39.22999954223633,908000.0,36.30794143676758
2014-06-25,39.439998626708984,39.06999969482422,39.06999969482422,39.369998931884766,809800.0,36.43751907348633
2014-06-26,39.5,38.599998474121094,38.599998474121094,39.130001068115234,760100.0,36.21540069580078
2014-06-27,39.31999969482422,38.970001220703125,38.970001220703125,39.25,1616200.0,36.326454162597656
2014-06-30,39.310001373291016,38.91999816894531,39.220001220703125,39.08000183105469,846000.0,36.16911315917969
2014-07-01,39.43000030517578,39.08000183105469,39.33000183105469,39.130001068115234,644200.0,36.21540069580078
2014-07-02,39.22999954223633,38.45000076293945,39.060001373291016,38.650001525878906,759000.0,35.77115249633789
2014-07-03,39.15999984741211,38.77000045776367,38.880001068115234,39.02000045776367,433400.0,36.113590240478516
2014-07-07,38.83000183105469,37.84000015258789,38.83000183105469,38.0,1026900.0,35.1695556640625
2014-07-08,37.869998931884766,37.11000061035156,37.81999969482422,37.36000061035156,1299800.0,34.57722854614258
2014-07-09,37.630001068115234,37.279998779296875,37.45000076293945,37.540000915527344,690700.0,34.74381637573242
2014-07-10,37.529998779296875,36.70000076293945,36.9900016784668,37.2400016784668,725700.0,34.46617126464844
2014-07-11,37.33000183105469,36.77000045776367,37.2400016784668,37.099998474121094,1030000.0,34.33658981323242
2014-07-14,37.599998474121094,37.11000061035156,37.279998779296875,37.52000045776367,956100.0,34.725311279296875
2014-07-15,37.75,36.91999816894531,37.5099983215332,37.22999954223633,1077100.0,34.45692443847656
2014-07-16,37.61000061035156,37.0099983215332,37.36000061035156,37.59000015258789,723900.0,34.79010772705078
2014-07-17,37.27000045776367,36.68000030517578,37.27000045776367,36.72999954223633,785900.0,33.99415969848633
2014-07-18,37.4900016784668,36.59000015258789,36.81999969482422,37.45000076293945,587500.0,34.6605339050293
2014-07-21,37.83000183105469,37.2599983215332,37.40999984741211,37.650001525878906,622000.0,34.84562683105469
2014-07-22,38.040000915527344,37.560001373291016,37.779998779296875,37.599998474121094,547600.0,34.79936599731445
2014-07-23,37.75,37.209999084472656,37.599998474121094,37.33000183105469,526400.0,34.549461364746094
2014-07-24,37.52000045776367,37.08000183105469,37.45000076293945,37.209999084472656,590100.0,34.438411712646484
2014-07-25,37.02000045776367,36.70000076293945,36.959999084472656,36.84000015258789,1494100.0,34.09596252441406
2014-07-28,36.849998474121094,36.34000015258789,36.849998474121094,36.459999084472656,1560300.0,33.7442626953125
2014-07-29,38.869998931884766,37.189998626708984,37.380001068115234,37.20000076293945,2247900.0,34.42914962768555
2014-07-30,37.5099983215332,36.41999816894531,37.470001220703125,36.43000030517578,1653800.0,33.716495513916016
2014-07-31,36.4900016784668,35.2599983215332,36.220001220703125,35.290000915527344,1195900.0,32.661415100097656
2014-08-01,35.22999954223633,34.86000061035156,35.18000030517578,34.97999954223633,1630000.0,32.37449645996094
2014-08-04,35.40999984741211,34.77000045776367,35.04999923706055,35.29999923706055,1167100.0,32.67066955566406
2014-08-05,35.91999816894531,35.11000061035156,35.150001525878906,35.630001068115234,1247500.0,32.97609329223633
2014-08-06,35.91999816894531,35.25,35.279998779296875,35.63999938964844,1061700.0,32.98534393310547
2014-08-07,36.22999954223633,35.650001525878906,35.900001525878906,36.040000915527344,1650200.0,33.355552673339844
2014-08-08,36.16999816894531,35.790000915527344,36.02000045776367,36.060001373291016,1029100.0,33.37407302856445
2014-08-11,36.72999954223633,36.2400016784668,36.25,36.560001373291016,710000.0,33.83681869506836
2014-08-12,37.06999969482422,36.439998626708984,36.54999923706055,36.5099983215332,753200.0,33.79054260253906
2014-08-13,36.790000915527344,36.439998626708984,36.61000061035156,36.7400016784668,553300.0,34.00341033935547
2014-08-14,36.880001068115234,36.56999969482422,36.720001220703125,36.689998626708984,342600.0,33.95713806152344
2014-08-15,37.04999923706055,36.47999954223633,36.88999938964844,36.720001220703125,680800.0,33.98490524291992
2014-08-18,37.40999984741211,36.97999954223633,37.0099983215332,37.400001525878906,539200.0,34.614253997802734
2014-08-19,37.599998474121094,37.380001068115234,37.43000030517578,37.5099983215332,575800.0,34.7160530090332
2014-08-20,38.130001068115234,37.459999084472656,37.5099983215332,38.0099983215332,899500.0,35.17880630493164
2014-08-21,38.060001373291016,37.689998626708984,38.060001373291016,37.779998779296875,432400.0,34.96595001220703
2014-08-22,37.72999954223633,37.36000061035156,37.65999984741211,37.400001525878906,578700.0,34.614253997802734
2014-08-25,37.880001068115234,37.43000030517578,37.59000015258789,37.81999969482422,402700.0,35.00297546386719
2014-08-26,38.040000915527344,37.63999938964844,37.880001068115234,37.650001525878906,314600.0,34.84562683105469
2014-08-27,37.650001525878906,37.25,37.650001525878906,37.43000030517578,324400.0,34.64201354980469
2014-08-28,37.400001525878906,37.150001525878906,37.349998474121094,37.2599983215332,547000.0,34.48466873168945
2014-08-29,37.47999954223633,36.95000076293945,37.369998931884766,37.2599983215332,395200.0,34.48466873168945
2014-09-02,38.099998474121094,37.380001068115234,37.5,38.060001373291016,930900.0,35.225101470947266
2014-09-03,38.2599983215332,37.7400016784668,38.16999816894531,37.849998474121094,751000.0,35.03074264526367
2014-09-04,38.34000015258789,37.790000915527344,37.88999938964844,37.880001068115234,1065000.0,35.058502197265625
2014-09-05,37.81999969482422,37.36000061035156,37.81999969482422,37.77000045776367,528600.0,34.956687927246094
2014-09-08,37.72999954223633,37.439998626708984,37.59000015258789,37.66999816894531,710500.0,34.98269271850586
2014-09-09,37.720001220703125,37.279998779296875,37.560001373291016,37.369998931884766,489000.0,34.70409393310547
2014-09-10,37.40999984741211,36.959999084472656,37.369998931884766,37.31999969482422,314600.0,34.65765380859375
2014-09-11,37.54999923706055,37.119998931884766,37.13999938964844,37.40999984741211,496700.0,34.741241455078125
2014-09-12,37.5,37.02000045776367,37.43000030517578,37.150001525878906,414600.0,34.49979782104492
2014-09-15,37.33000183105469,37.040000915527344,37.15999984741211,37.18000030517578,403900.0,34.527645111083984
2014-09-16,37.650001525878906,37.040000915527344,37.130001068115234,37.5099983215332,598000.0,34.8341064453125
2014-09-17,37.7599983215332,37.22999954223633,37.45000076293945,37.400001525878906,484200.0,34.73196029663086
2014-09-18,37.84000015258789,37.31999969482422,37.5,37.77000045776367,668300.0,35.07555389404297
2014-09-19,37.95000076293945,37.47999954223633,37.790000915527344,37.77000045776367,1491000.0,35.07555389404297
2014-09-22,37.709999084472656,37.130001068115234,37.709999084472656,37.33000183105469,623400.0,34.66693878173828
2014-09-23,37.66999816894531,36.95000076293945,37.13999938964844,37.38999938964844,884100.0,34.72267532348633
2014-09-24,37.52000045776367,37.04999923706055,37.31999969482422,37.380001068115234,1036700.0,34.7133903503418
2014-09-25,37.18000030517578,36.47999954223633,37.15999984741211,36.5099983215332,1059300.0,33.90544509887695
2014-09-26,36.689998626708984,36.27000045776367,36.4900016784668,36.599998474121094,425000.0,33.98902130126953
2014-09-29,36.349998474121094,36.060001373291016,36.20000076293945,36.25,574900.0,33.66399002075195
2014-09-30,36.22999954223633,35.380001068115234,36.18000030517578,35.4900016784668,1101900.0,32.95821762084961
2014-10-01,35.529998779296875,34.68000030517578,35.45000076293945,34.86000061035156,997000.0,32.3731575012207
2014-10-02,35.04999923706055,34.189998626708984,34.810001373291016,35.0099983215332,1028300.0,32.512454986572266
2014-10-03,35.29999923706055,34.91999816894531,35.22999954223633,35.06999969482422,1223200.0,32.56816864013672
2014-10-06,35.630001068115234,35.06999969482422,35.150001525878906,35.58000183105469,1036900.0,33.04178237915039
2014-10-07,35.279998779296875,34.13999938964844,35.279998779296875,34.150001525878906,1199000.0,31.713808059692383
2014-10-08,34.65999984741211,33.68000030517578,34.06999969482422,34.630001068115234,1073100.0,32.15955352783203
2014-10-09,34.58000183105469,33.31999969482422,34.5,33.380001068115234,667400.0,30.998737335205078
2014-10-10,33.38999938964844,32.5,33.31999969482422,32.5,1116300.0,30.1815128326416
2014-10-13,32.81999969482422,31.8799991607666,32.54999923706055,31.90999984741211,1173000.0,29.633604049682617
2014-10-14,33.2599983215332,32.31999969482422,32.369998931884766,32.70000076293945,1382100.0,30.36724281311035
2014-10-15,33.70000076293945,31.799999237060547,32.22999954223633,33.29999923706055,2094300.0,30.924442291259766
2014-10-16,34.290000915527344,32.470001220703125,32.59000015258789,34.040000915527344,1921100.0,31.611650466918945
2014-10-17,34.65999984741211,33.810001373291016,34.33000183105469,34.209999084472656,1407900.0,31.76952362060547
2014-10-20,34.290000915527344,33.54999923706055,34.13999938964844,33.709999084472656,1385400.0,31.305192947387695
2014-10-21,34.650001525878906,33.869998931884766,33.9900016784668,34.5099983215332,1314100.0,32.04812240600586
2014-10-22,34.709999084472656,34.0099983215332,34.58000183105469,34.060001373291016,919400.0,31.630224227905273
2014-10-23,35.29999923706055,34.38999938964844,34.47999954223633,35.04999923706055,945000.0,32.549598693847656
2014-10-24,35.349998474121094,34.7599983215332,35.040000915527344,35.34000015258789,788900.0,32.81891632080078
2014-10-27,35.2599983215332,34.61000061035156,35.02000045776367,35.02000045776367,1397900.0,32.63996505737305
2014-10-28,36.5,34.63999938964844,35.470001220703125,36.47999954223633,1857800.0,34.00074005126953
2014-10-29,36.7400016784668,35.54999923706055,36.54999923706055,35.709999084472656,907400.0,33.28307342529297
2014-10-30,36.04999923706055,35.06999969482422,35.45000076293945,35.810001373291016,658400.0,33.37626266479492
2014-10-31,36.599998474121094,36.029998779296875,36.439998626708984,36.36000061035156,1161000.0,33.888893127441406
2014-11-03,36.43000030517578,35.869998931884766,36.34000015258789,36.040000915527344,781100.0,33.590641021728516
2014-11-04,36.20000076293945,35.790000915527344,35.90999984741211,35.939998626708984,693800.0,33.497432708740234
2014-11-05,36.45000076293945,35.970001220703125,36.31999969482422,36.38999938964844,823700.0,33.91685485839844
2014-11-06,37.119998931884766,36.2599983215332,36.40999984741211,37.11000061035156,1218200.0,34.58790969848633
2014-11-07,37.25,36.81999969482422,37.099998474121094,37.040000915527344,669300.0,34.52267074584961
2014-11-10,37.36000061035156,37.0,37.130001068115234,37.279998779296875,625800.0,34.74635696411133
2014-11-11,37.369998931884766,37.040000915527344,37.2400016784668,37.349998474121094,534600.0,34.81160354614258
2014-11-12,37.560001373291016,37.08000183105469,37.22999954223633,37.54999923706055,762500.0,34.99801254272461
2014-11-13,37.630001068115234,37.209999084472656,37.439998626708984,37.45000076293945,1109100.0,34.904815673828125
2014-11-14,37.630001068115234,37.099998474121094,37.380001068115234,37.619998931884766,1101500.0,35.063255310058594
2014-11-17,37.86000061035156,37.459999084472656,37.599998474121094,37.72999954223633,700900.0,35.165775299072266
2014-11-18,38.4900016784668,37.54999923706055,37.709999084472656,38.209999084472656,908400.0,35.61316680908203
2014-11-19,38.11000061035156,37.13999938964844,38.02000045776367,37.34000015258789,857300.0,34.80229568481445
2014-11-20,37.540000915527344,36.9900016784668,37.13999938964844,37.459999084472656,610700.0,34.914127349853516
2014-11-21,38.5,37.72999954223633,37.95000076293945,38.25,1030600.0,35.65043258666992
2014-11-24,38.56999969482422,38.2400016784668,38.290000915527344,38.400001525878906,643300.0,35.790252685546875
2014-11-25,38.59000015258789,38.09000015258789,38.5,38.38999938964844,772700.0,35.78092575073242
2014-11-26,38.560001373291016,38.06999969482422,38.36000061035156,38.540000915527344,550900.0,35.92074203491211
2014-11-28,38.689998626708984,38.189998626708984,38.459999084472656,38.34000015258789,676400.0,35.73432540893555
2014-12-01,38.470001220703125,37.84000015258789,38.11000061035156,38.439998626708984,850000.0,35.8275260925293
2014-12-02,38.7599983215332,37.970001220703125,38.5,38.02000045776367,964300.0,35.43607711791992
2014-12-03,38.9900016784668,38.0099983215332,38.0099983215332,38.88999938964844,691700.0,36.246944427490234
2014-12-04,38.810001373291016,38.31999969482422,38.810001373291016,38.56999969482422,443000.0,35.94869613647461
2014-12-05,38.79999923706055,38.459999084472656,38.66999816894531,38.59000015258789,392200.0,35.96733093261719
2014-12-08,38.75,37.7400016784668,38.56999969482422,37.81999969482422,468800.0,35.24966812133789
2014-12-09,38.18000030517578,37.38999938964844,37.38999938964844,38.119998931884766,616100.0,35.52927017211914
2014-12-10,38.02000045776367,36.77000045776367,37.939998626708984,36.84000015258789,781000.0,34.33626937866211
2014-12-11,37.45000076293945,36.88999938964844,37.0099983215332,36.97999954223633,586000.0,34.46675109863281
2014-12-12,37.0,36.189998626708984,36.61000061035156,36.20000076293945,722700.0,33.73977279663086
2014-12-15,36.72999954223633,36.0099983215332,36.43000030517578,36.2400016784668,724500.0,33.77705383300781
2014-12-16,37.04999923706055,36.06999969482422,36.06999969482422,36.27000045776367,712900.0,33.80500793457031
2014-12-17,37.0,35.689998626708984,36.22999954223633,36.90999984741211,1241600.0,34.401512145996094
2014-12-18,38.099998474121094,37.22999954223633,37.56999969482422,38.099998474121094,698900.0,35.51063537597656
2014-12-19,38.70000076293945,38.060001373291016,38.25,38.59000015258789,1534200.0,35.96733093261719
2014-12-22,38.9900016784668,38.470001220703125,38.7400016784668,38.7400016784668,467200.0,36.10714340209961
2014-12-23,39.22999954223633,38.65999984741211,38.91999816894531,38.720001220703125,645300.0,36.0885009765625
2014-12-24,39.06999969482422,38.7400016784668,38.75,38.7599983215332,302200.0,36.12578582763672
2014-12-26,39.150001525878906,38.880001068115234,38.880001068115234,38.95000076293945,249400.0,36.30287170410156
2014-12-29,39.16999816894531,38.79999923706055,38.93000030517578,38.86000061035156,351800.0,36.2189826965332
2014-12-30,38.90999984741211,38.41999816894531,38.81999969482422,38.43000030517578,437700.0,35.818206787109375
2014-12-31,38.650001525878906,38.040000915527344,38.650001525878906,38.06999969482422,466700.0,35.48268127441406
2015-01-02,38.59000015258789,37.5,38.400001525878906,38.08000183105469,605900.0,35.49199295043945
2015-01-05,37.41999816894531,35.66999816894531,37.34000015258789,35.709999084472656,1369900.0,33.28307342529297
2015-01-06,35.91999816894531,35.11000061035156,35.70000076293945,35.5,1333200.0,33.087337493896484
2015-01-07,36.0,35.25,35.869998931884766,35.779998779296875,1038600.0,33.34830856323242
2015-01-08,36.09000015258789,35.68000030517578,36.0099983215332,36.04999923706055,821800.0,33.59996032714844
2015-01-09,36.11000061035156,35.31999969482422,36.08000183105469,35.369998931884766,757000.0,32.96616744995117
2015-01-12,35.38999938964844,34.380001068115234,35.34000015258789,34.599998474121094,1437500.0,32.24849319458008
2015-01-13,35.18000030517578,34.150001525878906,34.720001220703125,34.68000030517578,1139500.0,32.32306671142578
2015-01-14,34.65999984741211,33.93000030517578,34.040000915527344,34.459999084472656,640700.0,32.11802291870117
2015-01-15,34.900001525878906,34.20000076293945,34.630001068115234,34.220001220703125,974400.0,31.894332885742188
2015-01-16,34.4900016784668,33.97999954223633,34.040000915527344,34.470001220703125,905400.0,32.12733840942383
2015-01-20,34.720001220703125,34.040000915527344,34.599998474121094,34.400001525878906,971200.0,32.06208801269531
2015-01-21,35.13999938964844,34.25,34.25,35.099998474121094,918900.0,32.71452331542969
2015-01-22,35.540000915527344,34.959999084472656,35.31999969482422,35.33000183105469,871700.0,32.928890228271484
2015-01-23,35.52000045776367,35.16999816894531,35.20000076293945,35.16999816894531,596900.0,32.779762268066406
2015-01-26,35.25,34.83000183105469,35.119998931884766,35.189998626708984,691100.0,32.798404693603516
2015-01-27,34.90999984741211,34.41999816894531,34.599998474121094,34.7400016784668,661400.0,32.378990173339844
2015-01-28,35.25,34.16999816894531,34.900001525878906,34.2599983215332,802200.0,31.931608200073242
2015-01-29,34.369998931884766,33.540000915527344,34.189998626708984,34.15999984741211,1959500.0,31.838401794433594
2015-01-30,34.400001525878906,33.90999984741211,33.91999816894531,34.099998474121094,1633000.0,31.782487869262695
2015-02-02,34.810001373291016,33.810001373291016,34.25,34.7400016784668,1554400.0,32.378990173339844
2015-02-03,35.47999954223633,34.86000061035156,35.029998779296875,35.38999938964844,1196900.0,32.98482131958008
2015-02-04,35.369998931884766,34.709999084472656,35.18000030517578,34.88999938964844,1372200.0,32.518802642822266
2015-02-05,35.38999938964844,34.40999984741211,34.880001068115234,34.86000061035156,2360500.0,32.49083709716797
2015-02-06,35.400001525878906,34.75,34.869998931884766,35.189998626708984,1986300.0,32.798404693603516
2015-02-09,35.66999816894531,34.95000076293945,35.099998474121094,35.11000061035156,1828700.0,32.723838806152344
2015-02-10,35.439998626708984,35.0099983215332,35.22999954223633,35.38999938964844,1244600.0,32.98482131958008
2015-02-11,35.38999938964844,35.02000045776367,35.27000045776367,35.25,729500.0,32.85432434082031
2015-02-12,35.66999816894531,35.15999984741211,35.38999938964844,35.61000061035156,848900.0,33.18986129760742
2015-02-13,36.099998474121094,35.38999938964844,35.599998474121094,36.060001373291016,1057700.0,33.74270248413086
2015-02-17,36.029998779296875,35.529998779296875,35.9900016784668,35.880001068115234,836000.0,33.57426452636719
2015-02-18,36.099998474121094,35.689998626708984,35.880001068115234,35.83000183105469,622700.0,33.52748107910156
2015-02-19,35.970001220703125,35.54999923706055,35.689998626708984,35.65999984741211,962900.0,33.368408203125
2015-02-20,36.16999816894531,35.369998931884766,35.599998474121094,36.029998779296875,770600.0,33.71462631225586
2015-02-23,36.119998931884766,35.56999969482422,35.970001220703125,35.810001373291016,934700.0,33.50875473022461
2015-02-24,36.029998779296875,35.70000076293945,35.7400016784668,35.959999084472656,730700.0,33.64912033081055
2015-02-25,36.279998779296875,35.900001525878906,35.900001525878906,36.040000915527344,788200.0,33.72398376464844
2015-02-26,36.060001373291016,35.63999938964844,36.060001373291016,35.77000045776367,906600.0,33.47134017944336
2015-02-27,35.95000076293945,35.58000183105469,35.709999084472656,35.70000076293945,663200.0,33.40583038330078
2015-03-02,36.25,35.540000915527344,35.70000076293945,36.16999816894531,822400.0,33.84562683105469
2015-03-03,36.380001068115234,35.939998626708984,36.029998779296875,36.099998474121094,816500.0,33.780128479003906
2015-03-04,35.900001525878906,35.52000045776367,35.900001525878906,35.689998626708984,968600.0,33.39646911621094
2015-03-05,35.900001525878906,35.439998626708984,35.689998626708984,35.58000183105469,871800.0,33.29353713989258
2015-03-06,35.58000183105469,35.060001373291016,35.310001373291016,35.16999816894531,1722100.0,32.90989303588867
2015-03-09,35.470001220703125,35.119998931884766,35.22999954223633,35.25,849600.0,32.98474884033203
2015-03-10,34.900001525878906,34.58000183105469,34.810001373291016,34.70000076293945,1161900.0,32.4700927734375
2015-03-11,34.720001220703125,34.189998626708984,34.720001220703125,34.58000183105469,959600.0,32.3577995300293
2015-03-12,35.27000045776367,34.619998931884766,34.66999816894531,35.16999816894531,815000.0,32.90989303588867
2015-03-13,35.189998626708984,34.40999984741211,35.15999984741211,34.61000061035156,1423800.0,32.38587188720703
2015-03-16,35.040000915527344,34.59000015258789,34.779998779296875,35.029998779296875,766900.0,32.77888488769531
2015-03-17,34.95000076293945,34.5099983215332,34.95000076293945,34.66999816894531,683500.0,32.4420166015625
2015-03-18,36.0,34.36000061035156,34.560001373291016,35.869998931884766,1209100.0,33.56490707397461
2015-03-19,35.7599983215332,35.349998474121094,35.7400016784668,35.540000915527344,883500.0,33.256103515625
2015-03-20,36.040000915527344,35.77000045776367,35.84000015258789,35.9900016784668,1424000.0,33.67719650268555
2015-03-23,35.599998474121094,35.099998474121094,35.27000045776367,35.099998474121094,1406000.0,32.844390869140625
2015-03-24,35.2599983215332,34.88999938964844,35.060001373291016,35.06999969482422,964700.0,32.816314697265625
2015-03-25,35.220001220703125,34.7400016784668,35.220001220703125,34.7400016784668,772200.0,32.50752258300781
2015-03-26,34.79999923706055,34.459999084472656,34.540000915527344,34.66999816894531,676200.0,32.4420166015625
2015-03-27,35.08000183105469,34.540000915527344,34.61000061035156,34.970001220703125,1077300.0,32.722740173339844
2015-03-30,35.40999984741211,35.029998779296875,35.029998779296875,35.349998474121094,696500.0,33.07832336425781
2015-03-31,35.25,34.72999954223633,35.25,35.02000045776367,789300.0,32.76952362060547
2015-04-01,35.630001068115234,34.95000076293945,35.47999954223633,35.40999984741211,1057400.0,33.13447189331055
2015-04-02,36.0099983215332,35.310001373291016,35.43000030517578,35.790000915527344,873600.0,33.49005126953125
2015-04-06,36.29999923706055,35.47999954223633,35.47999954223633,36.06999969482422,779100.0,33.752052307128906
2015-04-07,36.209999084472656,35.880001068115234,36.02000045776367,36.06999969482422,916400.0,33.752052307128906
2015-04-08,36.119998931884766,35.0099983215332,35.959999084472656,35.25,1642000.0,32.98474884033203
2015-04-09,35.22999954223633,34.79999923706055,35.13999938964844,34.959999084472656,1404300.0,32.71337890625
2015-04-10,35.310001373291016,34.97999954223633,35.11000061035156,35.20000076293945,1463700.0,32.93796157836914
2015-04-13,35.41999816894531,35.08000183105469,35.09000015258789,35.15999984741211,663500.0,32.90053176879883
2015-04-14,35.36000061035156,35.02000045776367,35.06999969482422,35.20000076293945,780700.0,32.93796157836914
2015-04-15,35.720001220703125,35.27000045776367,35.31999969482422,35.4900016784668,1276200.0,33.209327697753906
2015-04-16,36.029998779296875,35.25,35.400001525878906,35.83000183105469,914000.0,33.52748107910156
2015-04-17,35.5099983215332,34.959999084472656,35.5099983215332,35.13999938964844,1145300.0,32.88182067871094
2015-04-20,35.56999969482422,35.2599983215332,35.36000061035156,35.459999084472656,661100.0,33.18125534057617
2015-04-21,35.68000030517578,35.09000015258789,35.52000045776367,35.36000061035156,521300.0,33.08768844604492
2015-04-22,35.470001220703125,35.09000015258789,35.400001525878906,35.459999084472656,513100.0,33.18125534057617
2015-04-23,36.189998626708984,35.369998931884766,35.4900016784668,35.900001525878906,816000.0,33.59297180175781
2015-04-24,35.970001220703125,35.400001525878906,35.880001068115234,35.630001068115234,673900.0,33.34033203125
2015-04-27,36.310001373291016,35.70000076293945,35.72999954223633,36.29999923706055,798400.0,33.9672737121582
2015-04-28,36.380001068115234,35.91999816894531,36.130001068115234,36.369998931884766,913100.0,34.03276824951172
2015-04-29,36.77000045776367,36.150001525878906,36.15999984741211,36.630001068115234,1706100.0,34.276065826416016
2015-04-30,37.47999954223633,36.130001068115234,36.650001525878906,37.02000045776367,1920800.0,34.64101028442383
2015-05-01,37.31999969482422,36.22999954223633,37.290000915527344,37.13999938964844,1650300.0,34.75328826904297
2015-05-04,37.25,36.72999954223633,37.15999984741211,36.900001525878906,920200.0,34.52871322631836
2015-05-05,37.47999954223633,36.56999969482422,36.9900016784668,36.63999938964844,946900.0,34.28541564941406
2015-05-06,36.900001525878906,36.27000045776367,36.77000045776367,36.529998779296875,774600.0,34.182491302490234
2015-05-07,36.709999084472656,36.2400016784668,36.52000045776367,36.689998626708984,636400.0,34.332210540771484
2015-05-08,37.15999984741211,36.849998474121094,37.11000061035156,36.900001525878906,1238200.0,34.52871322631836
2015-05-11,37.119998931884766,36.7400016784668,36.849998474121094,36.810001373291016,976000.0,34.44449996948242
2015-05-12,36.72999954223633,36.2599983215332,36.54999923706055,36.4900016784668,821600.0,34.14506149291992
2015-05-13,36.970001220703125,36.650001525878906,36.65999984741211,36.790000915527344,942200.0,34.42578125
2015-05-14,37.099998474121094,36.779998779296875,36.959999084472656,37.09000015258789,834800.0,34.70650100708008
2015-05-15,37.150001525878906,36.68000030517578,37.08000183105469,36.83000183105469,918000.0,34.463218688964844
2015-05-18,37.04999923706055,36.75,36.83000183105469,37.0099983215332,618200.0,34.631649017333984
2015-05-19,37.13999938964844,36.66999816894531,37.04999923706055,36.779998779296875,630600.0,34.41642761230469
2015-05-20,36.95000076293945,36.63999938964844,36.779998779296875,36.810001373291016,533100.0,34.44449996948242
2015-05-21,37.20000076293945,36.720001220703125,36.75,37.13999938964844,1343000.0,34.75328826904297
2015-05-22,37.150001525878906,36.79999923706055,37.119998931884766,36.9900016784668,576400.0,34.61293411254883
2015-05-26,36.849998474121094,36.27000045776367,36.779998779296875,36.34000015258789,482000.0,34.1346435546875
2015-05-27,36.56999969482422,36.189998626708984,36.40999984741211,36.5,589600.0,34.28491973876953
2015-05-28,36.810001373291016,36.15999984741211,36.36000061035156,36.70000076293945,1088700.0,34.472782135009766
2015-05-29,36.869998931884766,36.41999816894531,36.70000076293945,36.56999969482422,1275800.0,34.350677490234375
2015-06-01,36.7599983215332,36.310001373291016,36.72999954223633,36.599998474121094,762000.0,34.378849029541016
2015-06-02,37.06999969482422,36.43000030517578,36.52000045776367,36.689998626708984,1009200.0,34.4633903503418
2015-06-03,37.040000915527344,36.56999969482422,36.689998626708984,36.959999084472656,455100.0,34.717010498046875
2015-06-04,36.75,36.31999969482422,36.75,36.41999816894531,612400.0,34.20977020263672
2015-06-05,36.40999984741211,36.08000183105469,36.209999084472656,36.380001068115234,725200.0,34.172210693359375
2015-06-08,36.5099983215332,36.06999969482422,36.36000061035156,36.13999938964844,453100.0,33.946773529052734
2015-06-09,36.38999938964844,36.040000915527344,36.209999084472656,36.099998474121094,292700.0,33.90919494628906
2015-06-10,36.63999938964844,36.22999954223633,36.310001373291016,36.52000045776367,648300.0,34.3037109375
2015-06-11,36.9900016784668,36.439998626708984,36.54999923706055,36.90999984741211,725500.0,34.6700439453125
2015-06-12,36.900001525878906,36.43000030517578,36.810001373291016,36.540000915527344,443700.0,34.322486877441406
2015-06-15,36.43000030517578,36.04999923706055,36.36000061035156,36.119998931884766,575600.0,33.92798614501953
2015-06-16,36.560001373291016,36.0,36.2400016784668,36.45000076293945,750000.0,34.23796081542969
2015-06-17,36.84000015258789,36.22999954223633,36.58000183105469,36.380001068115234,814500.0,34.172210693359375
2015-06-18,37.119998931884766,36.38999938964844,36.5099983215332,36.900001525878906,841100.0,34.66064453125
2015-06-19,36.83000183105469,36.400001525878906,36.83000183105469,36.439998626708984,1299100.0,34.22855758666992
2015-06-22,37.06999969482422,36.56999969482422,36.95000076293945,37.0,981600.0,34.754573822021484
2015-06-23,37.70000076293945,36.959999084472656,36.970001220703125,37.29999923706055,1732500.0,35.036373138427734
2015-06-24,37.34000015258789,37.06999969482422,37.20000076293945,37.25,1060600.0,34.989410400390625
2015-06-25,37.34000015258789,36.88999938964844,37.2400016784668,36.959999084472656,863100.0,34.717010498046875
2015-06-26,37.18000030517578,36.880001068115234,37.029998779296875,36.939998626708984,3002800.0,34.698219299316406
2015-06-29,36.75,36.25,36.70000076293945,36.2599983215332,987600.0,34.059486389160156
2015-06-30,37.349998474121094,36.529998779296875,36.77000045776367,37.06999969482422,2068400.0,34.82033157348633
2015-07-01,37.31999969482422,36.689998626708984,37.31999969482422,36.810001373291016,1183300.0,34.57611083984375
2015-07-02,37.0099983215332,36.52000045776367,36.88999938964844,36.72999954223633,698300.0,34.5009651184082
2015-07-06,36.4900016784668,36.040000915527344,36.33000183105469,36.25,938100.0,34.050086975097656
2015-07-07,36.40999984741211,35.619998931884766,36.2400016784668,36.380001068115234,863100.0,34.172210693359375
2015-07-08,36.27000045776367,35.459999084472656,36.099998474121094,35.56999969482422,657400.0,33.41136932373047
2015-07-09,36.25,35.540000915527344,36.0099983215332,35.540000915527344,668600.0,33.383182525634766
2015-07-10,35.95000076293945,35.349998474121094,35.90999984741211,35.38999938964844,1670300.0,33.24229049682617
2015-07-13,36.09000015258789,35.52000045776367,35.70000076293945,36.060001373291016,920400.0,33.87162780761719
2015-07-14,36.709999084472656,35.75,36.040000915527344,36.4900016784668,1899000.0,34.27553176879883
2015-07-15,36.58000183105469,35.900001525878906,36.459999084472656,35.95000076293945,611400.0,33.768306732177734
2015-07-16,36.380001068115234,35.79999923706055,36.220001220703125,36.02000045776367,562000.0,33.834049224853516
2015-07-17,36.029998779296875,35.689998626708984,35.91999816894531,35.810001373291016,514800.0,33.63679885864258
2015-07-20,35.93000030517578,35.709999084472656,35.81999969482422,35.77000045776367,556300.0,33.5992317199707
2015-07-21,35.709999084472656,35.09000015258789,35.70000076293945,35.189998626708984,951200.0,33.05441665649414
2015-07-22,35.20000076293945,34.86000061035156,35.0,34.97999954223633,968700.0,32.85715866088867
2015-07-23,35.130001068115234,34.56999969482422,34.970001220703125,34.66999816894531,1125100.0,32.56596755981445
2015-07-24,34.68000030517578,34.4900016784668,34.61000061035156,34.630001068115234,1121900.0,32.52840042114258
2015-07-27,34.4900016784668,34.25,34.31999969482422,34.400001525878906,1366600.0,32.31235885620117
2015-07-28,34.939998626708984,34.5,34.560001373291016,34.779998779296875,1400100.0,32.66930389404297
2015-07-29,35.31999969482422,34.63999938964844,34.7599983215332,35.22999954223633,886300.0,33.09199905395508
2015-07-30,35.65999984741211,34.72999954223633,34.90999984741211,35.220001220703125,1029300.0,33.082603454589844
2015-07-31,35.459999084472656,34.34000015258789,35.2599983215332,34.529998779296875,1142500.0,32.434471130371094
2015-08-03,34.5,33.599998474121094,34.5,33.849998474121094,1104500.0,31.795738220214844
2015-08-04,34.18000030517578,33.65999984741211,33.880001068115234,33.7400016784668,1043200.0,31.692424774169922
2015-08-05,34.29999923706055,33.650001525878906,33.97999954223633,33.88999938964844,1276700.0,31.833322525024414
2015-08-06,34.130001068115234,33.56999969482422,33.95000076293945,33.68000030517578,1507800.0,31.63605308532715
2015-08-07,33.86000061035156,33.380001068115234,33.63999938964844,33.5,887700.0,31.46698570251465
2015-08-10,34.15999984741211,33.720001220703125,33.81999969482422,34.09000015258789,1165600.0,32.02117919921875
2015-08-11,33.81999969482422,33.47999954223633,33.720001220703125,33.58000183105469,1099300.0,31.542125701904297
2015-08-12,33.7400016784668,33.18000030517578,33.31999969482422,33.65999984741211,975800.0,31.617279052734375
2015-08-13,33.720001220703125,33.41999816894531,33.619998931884766,33.4900016784668,1368500.0,31.457590103149414
2015-08-14,33.77000045776367,33.279998779296875,33.619998931884766,33.70000076293945,1194900.0,31.65485382080078
2015-08-17,33.790000915527344,33.33000183105469,33.54999923706055,33.77000045776367,1057500.0,31.72060203552246
2015-08-18,33.79999923706055,33.380001068115234,33.779998779296875,33.40999984741211,995700.0,31.3824405670166
2015-08-19,33.36000061035156,32.93000030517578,33.22999954223633,33.150001525878906,692600.0,31.138221740722656
2015-08-20,33.119998931884766,32.650001525878906,32.84000015258789,32.65999984741211,1047000.0,30.677963256835938
2015-08-21,32.58000183105469,32.04999923706055,32.47999954223633,32.06999969482422,1535200.0,30.123764038085938
2015-08-24,31.920000076293945,29.899999618530273,30.489999771118164,30.90999984741211,2479100.0,29.034160614013672
2015-08-25,31.979999542236328,30.43000030517578,31.93000030517578,30.459999084472656,2221500.0,28.611473083496094
2015-08-26,31.440000534057617,30.780000686645508,31.0,31.3799991607666,2430400.0,29.47563934326172
2015-08-27,32.400001525878906,31.610000610351562,31.770000457763672,32.369998931884766,1697100.0,30.40555763244629
2015-08-28,32.790000915527344,32.15999984741211,32.2400016784668,32.70000076293945,1874000.0,30.715534210205078
2015-08-31,32.68000030517578,32.04999923706055,32.43000030517578,32.45000076293945,1032800.0,30.612518310546875
2015-09-01,32.029998779296875,30.979999542236328,31.760000228881836,31.1299991607666,973000.0,29.367263793945312
2015-09-02,31.81999969482422,31.200000762939453,31.600000381469727,31.3799991607666,1913200.0,29.603107452392578
2015-09-03,32.61000061035156,31.81999969482422,31.81999969482422,32.349998474121094,1931300.0,30.518177032470703
2015-09-04,32.2400016784668,31.65999984741211,31.889999389648438,31.68000030517578,1702200.0,29.886117935180664
2015-09-08,32.540000915527344,32.119998931884766,32.2599983215332,32.439998626708984,1398100.0,30.60308074951172
2015-09-09,32.88999938964844,32.04999923706055,32.81999969482422,32.11000061035156,1337400.0,30.291772842407227
2015-09-10,32.41999816894531,31.829999923706055,31.989999771118164,32.130001068115234,1398900.0,30.31063461303711
2015-09-11,32.4900016784668,31.889999389648438,32.040000915527344,32.4900016784668,1463900.0,30.650251388549805
2015-09-14,32.47999954223633,32.02000045776367,32.45000076293945,32.220001220703125,1258400.0,30.39554214477539
2015-09-15,33.130001068115234,32.22999954223633,32.38999938964844,33.029998779296875,1870300.0,31.15968132019043
2015-09-16,33.439998626708984,32.959999084472656,33.0,33.369998931884766,1089400.0,31.48042106628418
2015-09-17,33.560001373291016,32.97999954223633,33.31999969482422,33.08000183105469,1461500.0,31.20684814453125
2015-09-18,32.68000030517578,32.16999816894531,32.560001373291016,32.25,1512700.0,30.423847198486328
2015-09-21,33.0,32.130001068115234,32.45000076293945,32.630001068115234,1905700.0,30.782331466674805
2015-09-22,32.5,32.0099983215332,32.15999984741211,32.400001525878906,1333500.0,30.565353393554688
2015-09-23,32.65999984741211,31.760000228881836,32.470001220703125,31.780000686645508,1046900.0,29.980457305908203
2015-09-24,32.72999954223633,31.270000457763672,31.600000381469727,32.52000045776367,2303600.0,30.67854881286621
2015-09-25,32.779998779296875,32.31999969482422,32.650001525878906,32.470001220703125,2088300.0,30.631383895874023
2015-09-28,32.27000045776367,31.950000762939453,32.060001373291016,32.06999969482422,2123200.0,30.254032135009766
2015-09-29,32.439998626708984,31.899999618530273,32.209999084472656,31.989999771118164,1344100.0,30.178565979003906
2015-09-30,32.95000076293945,32.029998779296875,32.220001220703125,32.849998474121094,1708500.0,30.989864349365234
2015-10-01,33.20000076293945,32.41999816894531,32.880001068115234,32.689998626708984,1498600.0,30.838932037353516
2015-10-02,33.540000915527344,32.15999984741211,32.25,33.5099983215332,1451100.0,31.61249542236328
2015-10-05,33.84000015258789,33.36000061035156,33.58000183105469,33.560001373291016,2376800.0,31.659664154052734
2015-10-06,33.84000015258789,33.36000061035156,33.5099983215332,33.38999938964844,1679200.0,31.49928855895996
2015-10-07,34.189998626708984,33.380001068115234,33.59000015258789,34.040000915527344,1669800.0,32.11248779296875
2015-10-08,35.2400016784668,33.880001068115234,33.939998626708984,34.9900016784668,1770100.0,33.008697509765625
2015-10-09,35.349998474121094,34.709999084472656,35.08000183105469,34.88999938964844,1946200.0,32.91436004638672
2015-10-12,34.959999084472656,34.61000061035156,34.849998474121094,34.63999938964844,1003200.0,32.67850112915039
2015-10-13,34.849998474121094,34.220001220703125,34.33000183105469,34.33000183105469,1806700.0,32.38606643676758
2015-10-14,34.5,33.81999969482422,34.290000915527344,33.869998931884766,1424500.0,31.952106475830078
2015-10-15,34.81999969482422,33.66999816894531,33.939998626708984,34.7400016784668,1909200.0,32.77284622192383
2015-10-16,34.77000045776367,34.0099983215332,34.689998626708984,34.7400016784668,2124400.0,32.77284622192383
2015-10-19,34.66999816894531,34.22999954223633,34.5099983215332,34.63999938964844,1297500.0,32.67850112915039
2015-10-20,35.18000030517578,34.40999984741211,34.560001373291016,34.880001068115234,1210700.0,32.90492630004883
2015-10-21,35.2400016784668,34.63999938964844,34.970001220703125,34.720001220703125,1396900.0,32.75398254394531
2015-10-22,35.83000183105469,34.86000061035156,34.86000061035156,35.619998931884766,1415100.0,33.60301971435547
2015-10-23,36.220001220703125,35.7599983215332,35.900001525878906,36.189998626708984,1524600.0,34.14073944091797
2015-10-26,36.310001373291016,35.63999938964844,36.13999938964844,35.90999984741211,1340600.0,33.87659454345703
2015-10-27,35.959999084472656,35.279998779296875,35.56999969482422,35.849998474121094,2315800.0,33.81999969482422
2015-10-28,36.599998474121094,35.70000076293945,35.970001220703125,36.380001068115234,1557300.0,34.319984436035156
2015-10-29,36.7400016784668,35.81999969482422,35.81999969482422,36.34000015258789,1769300.0,34.282257080078125
2015-10-30,36.779998779296875,36.06999969482422,36.5099983215332,36.40999984741211,1865100.0,34.3482780456543
2015-11-02,36.81999969482422,36.18000030517578,36.349998474121094,36.650001525878906,974100.0,34.708919525146484
2015-11-03,36.90999984741211,36.400001525878906,36.650001525878906,36.58000183105469,1658900.0,34.64262771606445
2015-11-04,36.900001525878906,36.470001220703125,36.599998474121094,36.650001525878906,1008600.0,34.708919525146484
2015-11-05,36.939998626708984,36.310001373291016,36.599998474121094,36.790000915527344,889400.0,34.841495513916016
2015-11-06,36.91999816894531,36.38999938964844,36.65999984741211,36.91999816894531,843400.0,34.96461868286133
2015-11-09,36.91999816894531,36.310001373291016,36.790000915527344,36.45000076293945,905600.0,34.51951217651367
2015-11-10,36.93000030517578,36.2400016784668,36.34000015258789,36.93000030517578,958800.0,34.974082946777344
2015-11-11,37.2599983215332,36.93000030517578,37.0,36.970001220703125,780300.0,35.01197052001953
2015-11-12,36.75,35.7400016784668,36.529998779296875,35.79999923706055,1542200.0,33.9039306640625
2015-11-13,36.27000045776367,35.68000030517578,35.81999969482422,35.88999938964844,937800.0,33.98917007446289
2015-11-16,36.689998626708984,35.7400016784668,35.79999923706055,36.599998474121094,1467900.0,34.66156005859375
2015-11-17,37.13999938964844,36.459999084472656,36.65999984741211,37.0,1600500.0,35.040374755859375
2015-11-18,37.5,37.0099983215332,37.150001525878906,37.459999084472656,1775200.0,35.476016998291016
2015-11-19,37.77000045776367,37.09000015258789,37.41999816894531,37.66999816894531,1137400.0,35.674888610839844
2015-11-20,38.0,37.45000076293945,37.83000183105469,37.5,1300900.0,35.51389694213867
2015-11-23,37.849998474121094,37.400001525878906,37.560001373291016,37.54999923706055,870600.0,35.561248779296875
2015-11-24,37.61000061035156,37.099998474121094,37.2599983215332,37.47999954223633,1044000.0,35.49495315551758
2015-11-25,37.86000061035156,37.380001068115234,37.4900016784668,37.65999984741211,916200.0,35.6654167175293
2015-11-27,37.619998931884766,37.279998779296875,37.529998779296875,37.58000183105469,514200.0,35.589656829833984
2015-11-30,37.709999084472656,37.25,37.58000183105469,37.31999969482422,1470200.0,35.34342956542969
2015-12-01,37.7599983215332,37.31999969482422,37.369998931884766,37.63999938964844,756900.0,35.646480560302734
2015-12-02,37.58000183105469,36.869998931884766,37.45000076293945,36.95000076293945,615600.0,34.99302673339844
2015-12-03,37.189998626708984,36.43000030517578,37.040000915527344,36.7400016784668,734800.0,34.79415512084961
2015-12-04,37.689998626708984,36.779998779296875,36.779998779296875,37.650001525878906,1247300.0,35.65595626831055
2015-12-07,37.560001373291016,36.779998779296875,37.41999816894531,36.90999984741211,638100.0,34.95515441894531
2015-12-08,36.650001525878906,36.20000076293945,36.470001220703125,36.279998779296875,785200.0,34.35851287841797
2015-12-09,36.79999923706055,35.93000030517578,36.099998474121094,36.2599983215332,1154600.0,34.339569091796875
2015-12-10,36.970001220703125,36.13999938964844,36.13999938964844,36.70000076293945,1188600.0,34.75626754760742
2015-12-11,36.77000045776367,36.130001068115234,36.20000076293945,36.220001220703125,1499800.0,34.30168914794922
2015-12-14,36.66999816894531,36.189998626708984,36.27000045776367,36.63999938964844,1344400.0,34.69944381713867
2015-12-15,37.06999969482422,36.650001525878906,36.88999938964844,36.70000076293945,1389500.0,34.75626754760742
2015-12-16,37.630001068115234,36.79999923706055,36.93000030517578,37.459999084472656,1227000.0,35.476016998291016
2015-12-17,37.630001068115234,36.45000076293945,37.41999816894531,36.459999084472656,1178500.0,34.528968811035156
2015-12-18,36.310001373291016,35.810001373291016,36.2599983215332,35.84000015258789,1973700.0,33.94181823730469
2015-12-21,36.310001373291016,35.880001068115234,36.130001068115234,36.13999938964844,662300.0,34.225929260253906
2015-12-22,36.529998779296875,36.029998779296875,36.310001373291016,36.5,804400.0,34.56685256958008
2015-12-23,37.279998779296875,36.65999984741211,36.72999954223633,37.130001068115234,667300.0,35.163490295410156
2015-12-24,37.2599983215332,36.959999084472656,37.08000183105469,37.06999969482422,294200.0,35.10667037963867
2015-12-28,36.9900016784668,36.66999816894531,36.970001220703125,36.939998626708984,630100.0,34.983551025390625
2015-12-29,37.459999084472656,36.97999954223633,37.20000076293945,37.099998474121094,780500.0,35.13508605957031
2015-12-30,37.220001220703125,36.849998474121094,37.099998474121094,36.869998931884766,439500.0,34.91726303100586
2015-12-31,36.84000015258789,36.45000076293945,36.66999816894531,36.5,635100.0,34.56685256958008
2016-01-04,36.189998626708984,35.599998474121094,35.91999816894531,36.08000183105469,1353400.0,34.169105529785156
2016-01-05,36.20000076293945,35.5099983215332,36.060001373291016,36.06999969482422,1075400.0,34.15963363647461
2016-01-06,36.61000061035156,35.220001220703125,36.43000030517578,35.619998931884766,1866000.0,33.73347091674805
2016-01-07,35.27000045776367,34.4900016784668,35.16999816894531,34.70000076293945,1555400.0,32.8621940612793
2016-01-08,35.029998779296875,34.279998779296875,34.869998931884766,34.369998931884766,1471500.0,32.54967498779297
2016-01-11,34.56999969482422,33.689998626708984,34.5099983215332,34.08000183105469,852900.0,32.2750358581543
2016-01-12,34.54999923706055,33.86000061035156,34.349998474121094,34.27000045776367,781000.0,32.454978942871094
2016-01-13,34.5099983215332,33.31999969482422,34.38999938964844,33.380001068115234,1228500.0,31.612104415893555
2016-01-14,33.77000045776367,33.11000061035156,33.5,33.56999969482422,1482400.0,31.792041778564453
2016-01-15,33.099998474121094,32.61000061035156,32.72999954223633,32.97999954223633,1260300.0,31.233285903930664
2016-01-19,33.529998779296875,32.61000061035156,33.470001220703125,32.959999084472656,1068500.0,31.214345932006836
2016-01-20,33.099998474121094,31.670000076293945,32.439998626708984,32.79999923706055,1489200.0,31.062820434570312
2016-01-21,33.56999969482422,32.650001525878906,32.970001220703125,33.22999954223633,1444200.0,31.470050811767578
2016-01-22,34.119998931884766,33.470001220703125,33.790000915527344,34.029998779296875,827500.0,32.227684020996094
2016-01-25,33.9900016784668,33.5099983215332,33.90999984741211,33.7400016784668,1133900.0,31.953044891357422
2016-01-26,34.66999816894531,33.790000915527344,33.9900016784668,34.54999923706055,1841100.0,32.72013854980469
2016-01-27,35.86000061035156,34.380001068115234,34.540000915527344,34.88999938964844,1987600.0,33.042137145996094
2016-01-28,35.36000061035156,34.7400016784668,35.22999954223633,34.95000076293945,1523800.0,33.09895324707031
2016-01-29,35.95000076293945,35.04999923706055,35.13999938964844,35.95000076293945,1827000.0,34.04599380493164
2016-02-01,35.93000030517578,35.11000061035156,35.63999938964844,35.619998931884766,1269000.0,33.73347091674805
2016-02-02,35.13999938964844,34.56999969482422,35.08000183105469,34.86000061035156,1256100.0,33.01372146606445
2016-02-03,35.849998474121094,34.709999084472656,35.29999923706055,35.66999816894531,1946400.0,33.780818939208984
2016-02-04,38.08000183105469,35.470001220703125,36.060001373291016,37.08000183105469,3974600.0,35.116146087646484
2016-02-05,37.459999084472656,36.25,37.060001373291016,36.65999984741211,2398900.0,34.7183837890625
2016-02-08,36.4900016784668,35.77000045776367,36.220001220703125,36.220001220703125,2206400.0,34.30168914794922
2016-02-09,37.04999923706055,35.779998779296875,35.970001220703125,36.709999084472656,2051000.0,34.7657356262207
2016-02-10,37.06999969482422,36.38999938964844,36.84000015258789,36.43000030517578,1574000.0,34.50056076049805
2016-02-11,36.47999954223633,35.439998626708984,35.900001525878906,36.209999084472656,1750300.0,34.29222106933594
2016-02-12,37.20000076293945,36.47999954223633,36.65999984741211,37.040000915527344,1581100.0,35.0782585144043
2016-02-16,37.4900016784668,36.689998626708984,37.380001068115234,37.0,2144300.0,35.187538146972656
2016-02-17,37.849998474121094,37.060001373291016,37.33000183105469,37.65999984741211,2219200.0,35.8151969909668
2016-02-18,37.88999938964844,37.2599983215332,37.7400016784668,37.529998779296875,1377100.0,35.69157028198242
2016-02-19,37.290000915527344,36.41999816894531,37.290000915527344,37.029998779296875,5043300.0,35.21605682373047
2016-02-22,37.869998931884766,37.369998931884766,37.459999084472656,37.63999938964844,1500100.0,35.796180725097656
2016-02-23,37.7400016784668,37.22999954223633,37.5099983215332,37.31999969482422,1144000.0,35.49185562133789
2016-02-24,37.5,36.83000183105469,37.0,37.470001220703125,1360400.0,35.634517669677734
2016-02-25,37.630001068115234,37.310001373291016,37.56999969482422,37.560001373291016,1504100.0,35.72010040283203
2016-02-26,37.849998474121094,37.540000915527344,37.72999954223633,37.720001220703125,1830000.0,35.872257232666016
2016-02-29,37.86000061035156,37.40999984741211,37.77000045776367,37.40999984741211,1219000.0,35.57745361328125
2016-03-01,38.040000915527344,37.45000076293945,37.709999084472656,37.939998626708984,1430700.0,36.081478118896484
2016-03-02,38.040000915527344,37.59000015258789,37.790000915527344,38.029998779296875,1859100.0,36.167076110839844
2016-03-03,38.16999816894531,37.86000061035156,38.040000915527344,38.16999816894531,1168500.0,36.30022430419922
2016-03-04,38.33000183105469,37.9900016784668,38.06999969482422,38.220001220703125,1494600.0,36.347774505615234
2016-03-07,38.54999923706055,38.09000015258789,38.09000015258789,38.54999923706055,1345700.0,36.661598205566406
2016-03-08,38.529998779296875,37.84000015258789,38.34000015258789,37.90999984741211,1112800.0,36.05296325683594
2016-03-09,38.209999084472656,37.880001068115234,38.08000183105469,38.150001525878906,1458400.0,36.28120422363281
2016-03-10,38.279998779296875,37.58000183105469,38.0099983215332,37.91999816894531,1031500.0,36.06246566772461
2016-03-11,38.47999954223633,38.0,38.20000076293945,38.45000076293945,1691500.0,36.566505432128906
2016-03-14,38.45000076293945,38.060001373291016,38.209999084472656,38.06999969482422,1198800.0,36.205116271972656
2016-03-15,38.2400016784668,37.58000183105469,37.709999084472656,38.13999938964844,1307800.0,36.271690368652344
2016-03-16,38.79999923706055,37.689998626708984,37.959999084472656,38.630001068115234,1391900.0,36.73768615722656
2016-03-17,39.209999084472656,38.65999984741211,38.7400016784668,39.0099983215332,1452300.0,37.09907150268555
2016-03-18,39.65999984741211,38.970001220703125,38.9900016784668,39.470001220703125,2879300.0,37.53653335571289
2016-03-21,39.459999084472656,38.95000076293945,39.060001373291016,39.41999816894531,1351300.0,37.488983154296875
2016-03-22,39.58000183105469,39.099998474121094,39.15999984741211,39.400001525878906,914200.0,37.469970703125
2016-03-23,39.529998779296875,38.93000030517578,39.209999084472656,39.369998931884766,1255300.0,37.441429138183594
2016-03-24,39.81999969482422,39.0099983215332,39.040000915527344,39.81999969482422,1786500.0,37.86939239501953
2016-03-28,39.97999954223633,39.65999984741211,39.81999969482422,39.900001525878906,980100.0,37.94548034667969
2016-03-29,40.65999984741211,39.86000061035156,39.91999816894531,40.63999938964844,1451800.0,38.649227142333984
2016-03-30,41.209999084472656,40.720001220703125,41.0,41.040000915527344,1385000.0,39.02963638305664
2016-03-31,41.060001373291016,40.619998931884766,41.0099983215332,40.900001525878906,1696700.0,38.89649200439453
2016-04-01,41.33000183105469,40.470001220703125,40.63999938964844,41.25,1295100.0,39.22934341430664
2016-04-04,41.15999984741211,40.61000061035156,41.11000061035156,40.779998779296875,1231700.0,38.782371520996094
2016-04-05,41.459999084472656,40.68000030517578,41.209999084472656,41.0099983215332,1412600.0,39.0010986328125
2016-04-06,41.20000076293945,40.540000915527344,41.040000915527344,41.189998626708984,1193600.0,39.172279357910156
2016-04-07,41.0,40.599998474121094,40.9900016784668,40.88999938964844,1133800.0,38.88697814941406
2016-04-08,41.52000045776367,41.0,41.290000915527344,41.220001220703125,918200.0,39.20081329345703
2016-04-11,41.4900016784668,40.7599983215332,41.119998931884766,41.22999954223633,1415100.0,39.2103271484375
2016-04-12,41.93000030517578,41.310001373291016,41.369998931884766,41.650001525878906,1253500.0,39.6097526550293
2016-04-13,41.900001525878906,41.540000915527344,41.75,41.84000015258789,1100600.0,39.790443420410156
2016-04-14,42.2400016784668,41.72999954223633,42.02000045776367,41.9900016784668,1125400.0,39.9330940246582
2016-04-15,42.29999923706055,41.70000076293945,41.9900016784668,42.279998779296875,1217300.0,40.20889663696289
2016-04-18,42.650001525878906,42.029998779296875,42.25,42.61000061035156,1334400.0,40.522727966308594
2016-04-19,42.959999084472656,42.560001373291016,42.75,42.709999084472656,880600.0,40.617828369140625
2016-04-20,42.810001373291016,42.15999984741211,42.709999084472656,42.16999816894531,1036300.0,40.10427474975586
2016-04-21,42.220001220703125,41.720001220703125,42.16999816894531,41.84000015258789,1407700.0,39.790443420410156
2016-04-22,42.4900016784668,41.83000183105469,41.959999084472656,42.459999084472656,1893700.0,40.38007736206055
2016-04-25,42.5099983215332,42.02000045776367,42.290000915527344,42.209999084472656,1100600.0,40.142311096191406
2016-04-26,43.040000915527344,42.41999816894531,42.470001220703125,42.86000061035156,1943600.0,40.76047134399414
2016-04-27,43.02000045776367,42.54999923706055,42.84000015258789,42.900001525878906,1081800.0,40.79851531982422
2016-04-28,42.72999954223633,42.02000045776367,42.58000183105469,42.16999816894531,1135100.0,40.10427474975586
2016-04-29,42.15999984741211,41.650001525878906,42.15999984741211,41.779998779296875,1795300.0,39.7333869934082
2016-05-02,42.47999954223633,41.81999969482422,41.849998474121094,42.25,1727700.0,40.180362701416016
2016-05-03,42.27000045776367,41.11000061035156,41.91999816894531,41.880001068115234,1773500.0,39.8284797668457
2016-05-04,41.7599983215332,40.95000076293945,41.7599983215332,41.25,1426400.0,39.22934341430664
2016-05-05,41.77000045776367,41.25,41.599998474121094,41.529998779296875,1660800.0,39.49562454223633
2016-05-06,41.939998626708984,41.25,41.43000030517578,41.88999938964844,1122400.0,39.83799743652344
2016-05-09,41.83000183105469,41.5099983215332,41.83000183105469,41.599998474121094,545100.0,39.562191009521484
2016-05-10,42.540000915527344,41.66999816894531,41.709999084472656,42.529998779296875,1238600.0,40.4466438293457
2016-05-11,42.9900016784668,42.529998779296875,42.560001373291016,42.880001068115234,1436000.0,40.77949523925781
2016-05-12,43.279998779296875,42.66999816894531,43.0,43.2400016784668,1144400.0,41.121856689453125
2016-05-13,43.40999984741211,42.88999938964844,43.22999954223633,43.150001525878906,1417200.0,41.0362663269043
2016-05-16,43.689998626708984,43.220001220703125,43.25,43.43000030517578,1050200.0,41.30254364013672
2016-05-17,43.869998931884766,43.220001220703125,43.33000183105469,43.47999954223633,1679800.0,41.35011291503906
2016-05-18,43.65999984741211,43.02000045776367,43.290000915527344,43.2599983215332,1441000.0,41.14088821411133
2016-05-19,43.130001068115234,42.709999084472656,42.900001525878906,43.06999969482422,899300.0,40.9601936340332
2016-05-20,43.77000045776367,43.189998626708984,43.349998474121094,43.5099983215332,1695300.0,41.378639221191406
2016-05-23,43.58000183105469,43.06999969482422,43.349998474121094,43.5,713400.0,41.516929626464844
2016-05-24,44.5,43.5099983215332,43.619998931884766,44.459999084472656,1351300.0,42.433170318603516
2016-05-25,44.86000061035156,44.47999954223633,44.75,44.720001220703125,1340400.0,42.68131637573242
2016-05-26,45.0,44.56999969482422,44.81999969482422,44.7400016784668,762800.0,42.70039749145508
2016-05-27,44.849998474121094,44.47999954223633,44.7400016784668,44.56999969482422,1141500.0,42.538150787353516
2016-05-31,44.79999923706055,44.400001525878906,44.70000076293945,44.65999984741211,1256400.0,42.62405014038086
2016-06-01,44.81999969482422,44.209999084472656,44.31999969482422,44.81999969482422,995300.0,42.776756286621094
2016-06-02,45.209999084472656,44.68000030517578,44.720001220703125,45.209999084472656,1007100.0,43.14897537231445
2016-06-03,45.540000915527344,44.970001220703125,45.209999084472656,45.47999954223633,1278000.0,43.406673431396484
2016-06-06,45.790000915527344,45.380001068115234,45.56999969482422,45.689998626708984,1002200.0,43.607093811035156
2016-06-07,46.08000183105469,45.63999938964844,45.70000076293945,45.97999954223633,719100.0,43.88388442993164
2016-06-08,46.59000015258789,46.04999923706055,46.099998474121094,46.459999084472656,1241600.0,44.34198760986328
2016-06-09,46.45000076293945,45.150001525878906,46.150001525878906,46.29999923706055,1243700.0,44.18928527832031
2016-06-10,46.119998931884766,45.810001373291016,46.040000915527344,45.91999816894531,1002000.0,43.82661056518555
2016-06-13,45.880001068115234,45.5099983215332,45.709999084472656,45.66999816894531,1375300.0,43.58800506591797
2016-06-14,45.709999084472656,45.400001525878906,45.5,45.650001525878906,1322700.0,43.568912506103516
2016-06-15,45.970001220703125,45.54999923706055,45.810001373291016,45.59000015258789,1260400.0,43.511653900146484
2016-06-16,45.5,44.970001220703125,45.45000076293945,45.369998931884766,1679000.0,43.30167770385742
2016-06-17,45.79999923706055,45.36000061035156,45.459999084472656,45.529998779296875,1734300.0,43.45439147949219
2016-06-20,46.66999816894531,45.95000076293945,46.099998474121094,46.099998474121094,1183400.0,43.9984016418457
2016-06-21,46.310001373291016,45.93000030517578,46.130001068115234,45.9900016784668,854400.0,43.89341735839844
2016-06-22,46.22999954223633,45.88999938964844,46.119998931884766,45.90999984741211,899200.0,43.81706237792969
2016-06-23,46.47999954223633,46.13999938964844,46.38999938964844,46.349998474121094,624900.0,44.237003326416016
2016-06-24,45.310001373291016,44.130001068115234,44.54999923706055,44.13999938964844,2883400.0,42.12775421142578
2016-06-27,43.810001373291016,42.52000045776367,43.689998626708984,42.720001220703125,1680800.0,40.77249526977539
2016-06-28,43.34000015258789,42.81999969482422,43.209999084472656,43.060001373291016,1596900.0,41.096988677978516
2016-06-29,43.720001220703125,43.40999984741211,43.560001373291016,43.650001525878906,1085100.0,41.660091400146484
2016-06-30,44.689998626708984,43.810001373291016,43.81999969482422,44.650001525878906,1755200.0,42.614501953125
2016-07-01,44.88999938964844,44.56999969482422,44.65999984741211,44.869998931884766,1199100.0,42.8244743347168
2016-07-05,44.939998626708984,44.59000015258789,44.790000915527344,44.84000015258789,1519300.0,42.795841217041016
2016-07-06,45.58000183105469,44.439998626708984,44.75,45.58000183105469,1487000.0,43.502113342285156
2016-07-07,45.849998474121094,45.279998779296875,45.709999084472656,45.630001068115234,1499400.0,43.549827575683594
2016-07-08,46.5,45.93000030517578,46.0,46.40999984741211,1109100.0,44.29426956176758
2016-07-11,47.13999938964844,46.720001220703125,46.720001220703125,46.9900016784668,1176500.0,44.84783172607422
2016-07-12,47.83000183105469,47.099998474121094,47.290000915527344,47.119998931884766,1249300.0,44.971900939941406
2016-07-13,47.650001525878906,46.900001525878906,47.13999938964844,47.02000045776367,928700.0,44.876461029052734
2016-07-14,47.529998779296875,46.83000183105469,47.41999816894531,46.83000183105469,1204000.0,44.695125579833984
2016-07-15,47.06999969482422,46.849998474121094,46.9900016784668,47.04999923706055,1051500.0,44.90509796142578
2016-07-18,47.27000045776367,46.849998474121094,47.06999969482422,46.9900016784668,597500.0,44.84783172607422
2016-07-19,47.2599983215332,46.81999969482422,46.959999084472656,47.18000030517578,985500.0,45.0291633605957
2016-07-20,47.369998931884766,46.91999816894531,47.06999969482422,47.20000076293945,641000.0,45.04825973510742
2016-07-21,47.310001373291016,46.560001373291016,47.18000030517578,46.7400016784668,681800.0,44.60922622680664
2016-07-22,47.06999969482422,46.619998931884766,46.709999084472656,46.959999084472656,763100.0,44.81919860839844
2016-07-25,46.97999954223633,46.61000061035156,46.88999938964844,46.849998474121094,458700.0,44.714210510253906
2016-07-26,47.79999923706055,46.86000061035156,46.939998626708984,47.779998779296875,1081300.0,45.601806640625
2016-07-27,48.02000045776367,47.540000915527344,47.77000045776367,47.779998779296875,542100.0,45.601806640625
2016-07-28,48.060001373291016,47.599998474121094,47.709999084472656,47.88999938964844,630700.0,45.70680618286133
2016-07-29,47.959999084472656,47.470001220703125,47.720001220703125,47.810001373291016,681700.0,45.63044738769531
2016-08-01,47.939998626708984,47.5099983215332,47.91999816894531,47.810001373291016,1250300.0,45.63044738769531
2016-08-02,46.880001068115234,45.72999954223633,46.880001068115234,46.40999984741211,1926800.0,44.29426956176758
2016-08-03,46.400001525878906,45.97999954223633,46.400001525878906,46.22999954223633,996400.0,44.12247848510742
2016-08-04,47.29999923706055,46.2599983215332,46.2599983215332,46.91999816894531,891300.0,44.78102111816406
2016-08-05,47.349998474121094,46.970001220703125,47.040000915527344,47.349998474121094,619700.0,45.1914176940918
2016-08-08,47.66999816894531,47.04999923706055,47.310001373291016,47.4900016784668,698700.0,45.325035095214844
2016-08-09,47.970001220703125,47.380001068115234,47.599998474121094,47.93000030517578,628900.0,45.74497604370117
2016-08-10,48.02000045776367,47.75,47.939998626708984,47.88999938964844,647000.0,45.70680618286133
2016-08-11,48.810001373291016,48.0,48.0,48.540000915527344,886300.0,46.327171325683594
2016-08-12,48.689998626708984,48.220001220703125,48.47999954223633,48.45000076293945,1224000.0,46.24127197265625
2016-08-15,50.5099983215332,49.20000076293945,49.20000076293945,50.31999969482422,1818500.0,48.02602005004883
2016-08-16,50.47999954223633,49.869998931884766,50.29999923706055,50.20000076293945,1950500.0,47.91149139404297
2016-08-17,50.470001220703125,49.560001373291016,50.0,50.34000015258789,901300.0,48.045108795166016
2016-08-18,50.5099983215332,50.220001220703125,50.380001068115234,50.439998626708984,794500.0,48.14054489135742
2016-08-19,50.880001068115234,50.119998931884766,50.349998474121094,50.79999923706055,989400.0,48.484134674072266
2016-08-22,51.790000915527344,50.88999938964844,51.349998474121094,51.04999923706055,1655000.0,48.72274398803711
2016-08-23,51.36000061035156,50.869998931884766,51.130001068115234,50.900001525878906,1128500.0,48.5795783996582
2016-08-24,50.95000076293945,50.599998474121094,50.79999923706055,50.65999984741211,655900.0,48.35053253173828
2016-08-25,50.630001068115234,50.40999984741211,50.59000015258789,50.58000183105469,706500.0,48.274173736572266
2016-08-26,51.22999954223633,50.45000076293945,50.810001373291016,50.66999816894531,663600.0,48.36005783081055
2016-08-29,51.18000030517578,50.689998626708984,50.88999938964844,50.97999954223633,1000500.0,48.80513381958008
2016-08-30,51.119998931884766,50.88999938964844,51.060001373291016,50.970001220703125,736000.0,48.79556655883789
2016-08-31,51.06999969482422,50.63999938964844,50.95000076293945,50.86000061035156,859000.0,48.69025421142578
2016-09-01,51.08000183105469,50.04999923706055,50.77000045776367,50.40999984741211,1138000.0,48.259456634521484
2016-09-02,51.220001220703125,50.529998779296875,50.7599983215332,50.91999816894531,933900.0,48.7476921081543
2016-09-06,51.47999954223633,50.54999923706055,51.09000015258789,50.970001220703125,792100.0,48.79556655883789
2016-09-07,51.04999923706055,50.650001525878906,50.77000045776367,50.939998626708984,1231700.0,48.766845703125
2016-09-08,51.22999954223633,50.83000183105469,50.95000076293945,51.04999923706055,703900.0,48.87214660644531
2016-09-09,50.56999969482422,48.650001525878906,50.56999969482422,48.650001525878906,1447800.0,46.574527740478516
2016-09-12,49.86000061035156,48.0,48.290000915527344,49.810001373291016,1980300.0,47.68504333496094
2016-09-13,49.97999954223633,49.209999084472656,49.369998931884766,49.47999954223633,1634600.0,47.36913299560547
2016-09-14,49.88999938964844,49.16999816894531,49.459999084472656,49.4900016784668,1074100.0,47.37870407104492
2016-09-15,50.470001220703125,49.459999084472656,49.540000915527344,50.2599983215332,774400.0,48.115848541259766
2016-09-16,50.09000015258789,49.63999938964844,50.09000015258789,49.959999084472656,1305500.0,47.828651428222656
2016-09-19,50.7599983215332,50.15999984741211,50.2599983215332,50.529998779296875,707500.0,48.37433624267578
2016-09-20,50.9900016784668,50.599998474121094,50.849998474121094,50.7400016784668,724200.0,48.57537078857422
2016-09-21,51.849998474121094,50.970001220703125,51.0,51.810001373291016,1007200.0,49.59972381591797
2016-09-22,52.68000030517578,51.959999084472656,52.189998626708984,52.619998931884766,1042900.0,50.37517166137695
2016-09-23,52.61000061035156,51.4900016784668,52.61000061035156,51.54999923706055,1002500.0,49.3508186340332
2016-09-26,51.65999984741211,50.939998626708984,51.220001220703125,51.4900016784668,1463800.0,49.29337692260742
2016-09-27,52.130001068115234,50.869998931884766,51.33000183105469,52.099998474121094,1179500.0,49.87735366821289
2016-09-28,52.59000015258789,51.93000030517578,52.310001373291016,52.209999084472656,1213300.0,49.982662200927734
2016-09-29,52.36000061035156,51.63999938964844,51.93000030517578,51.81999969482422,1200500.0,49.60930252075195
2016-09-30,52.709999084472656,51.90999984741211,52.0,52.45000076293945,1070100.0,50.21242141723633
2016-10-03,52.79999923706055,51.81999969482422,52.11000061035156,52.470001220703125,884600.0,50.23157501220703
2016-10-04,53.25,51.9900016784668,53.25,52.2599983215332,1232400.0,50.03052520751953
2016-10-05,52.79999923706055,51.93000030517578,52.540000915527344,51.95000076293945,1063200.0,49.73375701904297
2016-10-06,51.93000030517578,51.220001220703125,51.869998931884766,51.83000183105469,993700.0,49.61887741088867
2016-10-07,51.83000183105469,50.56999969482422,51.83000183105469,50.7599983215332,1442600.0,48.59451675415039
2016-10-10,51.20000076293945,50.29999923706055,51.119998931884766,50.380001068115234,1039500.0,48.23072814941406
2016-10-11,50.369998931884766,49.43000030517578,50.349998474121094,49.70000076293945,1023300.0,47.579750061035156
2016-10-12,50.310001373291016,49.66999816894531,49.84000015258789,50.11000061035156,1193700.0,47.97224807739258
2016-10-13,49.88999938964844,49.150001525878906,49.630001068115234,49.65999984741211,1289900.0,47.541446685791016
2016-10-14,50.150001525878906,49.459999084472656,49.9900016784668,49.470001220703125,931900.0,47.35955810546875
2016-10-17,49.720001220703125,49.150001525878906,49.58000183105469,49.20000076293945,1269300.0,47.101078033447266
2016-10-18,49.849998474121094,48.83000183105469,49.72999954223633,49.150001525878906,1541500.0,47.05320358276367
2016-10-19,49.58000183105469,49.099998474121094,49.33000183105469,49.470001220703125,805900.0,47.35955810546875
2016-10-20,49.41999816894531,48.869998931884766,49.16999816894531,48.91999816894531,1152400.0,46.833011627197266
2016-10-21,48.880001068115234,48.34000015258789,48.52000045776367,48.84000015258789,1633900.0,46.75642776489258
2016-10-24,49.220001220703125,48.54999923706055,49.09000015258789,48.63999938964844,1093600.0,46.56496047973633
2016-10-25,48.63999938964844,47.970001220703125,48.58000183105469,48.029998779296875,1176100.0,45.980979919433594
2016-10-26,48.59000015258789,47.689998626708984,47.86000061035156,48.38999938964844,1182500.0,46.325618743896484
2016-10-27,48.56999969482422,47.83000183105469,48.56999969482422,48.029998779296875,1182500.0,45.980979919433594
2016-10-28,49.279998779296875,48.040000915527344,48.040000915527344,48.61000061035156,1442900.0,46.53623580932617
2016-10-31,48.849998474121094,48.290000915527344,48.7400016784668,48.33000183105469,1966400.0,46.268184661865234
2016-11-01,47.36000061035156,45.599998474121094,46.83000183105469,47.189998626708984,2936600.0,45.17681884765625
2016-11-02,48.08000183105469,46.900001525878906,47.56999969482422,46.959999084472656,1890100.0,44.956634521484375
2016-11-03,47.54999923706055,46.810001373291016,47.119998931884766,47.2400016784668,1385500.0,45.22467803955078
2016-11-04,47.88999938964844,47.060001373291016,47.27000045776367,47.400001525878906,1383500.0,45.377864837646484
2016-11-07,48.599998474121094,47.75,48.150001525878906,48.560001373291016,1342200.0,46.64079666137695
2016-11-08,49.5,48.45000076293945,48.4900016784668,49.29999923706055,1730400.0,47.35154724121094
2016-11-09,51.0099983215332,48.709999084472656,48.72999954223633,50.65999984741211,1954000.0,48.657806396484375
2016-11-10,52.86000061035156,51.08000183105469,51.099998474121094,52.7400016784668,2260400.0,50.65559005737305
2016-11-11,53.130001068115234,52.20000076293945,52.560001373291016,52.75,1333000.0,50.665199279785156
2016-11-14,53.279998779296875,52.29999923706055,52.970001220703125,53.2400016784668,1418700.0,51.135826110839844
2016-11-15,54.790000915527344,52.650001525878906,53.060001373291016,54.75,2630200.0,52.586151123046875
2016-11-16,54.88999938964844,53.81999969482422,54.5,54.349998474121094,1966600.0,52.20195770263672
2016-11-17,54.9900016784668,53.9900016784668,54.72999954223633,54.0099983215332,1453800.0,51.875396728515625
2016-11-18,53.959999084472656,53.09000015258789,53.88999938964844,53.290000915527344,1517000.0,51.18385314941406
2016-11-21,53.70000076293945,53.060001373291016,53.529998779296875,53.459999084472656,895700.0,51.34712600708008
2016-11-22,53.63999938964844,52.91999816894531,53.4900016784668,52.91999816894531,1540200.0,50.82847595214844
2016-11-23,53.02000045776367,52.68000030517578,53.0,52.86000061035156,1926000.0,50.77085494995117
2016-11-25,52.970001220703125,52.59000015258789,52.95000076293945,52.91999816894531,1023400.0,50.82847595214844
2016-11-28,52.689998626708984,51.599998474121094,52.369998931884766,51.63999938964844,1901500.0,49.59907150268555
2016-11-29,51.84000015258789,50.779998779296875,51.4900016784668,51.34000015258789,1634200.0,49.310916900634766
2016-11-30,52.04999923706055,51.20000076293945,51.869998931884766,51.58000183105469,1520800.0,49.54144287109375
2016-12-01,52.04999923706055,51.4900016784668,51.900001525878906,51.810001373291016,1734000.0,49.76234436035156
2016-12-02,51.9900016784668,51.45000076293945,51.900001525878906,51.79999923706055,912600.0,49.752742767333984
2016-12-05,52.220001220703125,51.619998931884766,52.11000061035156,51.720001220703125,1212200.0,49.6759033203125
2016-12-06,52.18000030517578,51.599998474121094,51.77000045776367,52.16999816894531,1474000.0,50.10811996459961
2016-12-07,52.400001525878906,51.459999084472656,52.20000076293945,52.060001373291016,1982000.0,50.00246810913086
2016-12-08,52.290000915527344,51.400001525878906,52.130001068115234,51.88999938964844,1317500.0,49.83918762207031
2016-12-09,51.849998474121094,51.119998931884766,51.849998474121094,51.47999954223633,814100.0,49.44539260864258
2016-12-12,51.529998779296875,50.90999984741211,51.40999984741211,50.9900016784668,1063200.0,48.97475814819336
2016-12-13,51.22999954223633,50.5,51.060001373291016,50.9900016784668,969000.0,48.97475814819336
2016-12-14,51.47999954223633,50.40999984741211,50.939998626708984,50.56999969482422,1095500.0,48.571346282958984
2016-12-15,51.02000045776367,50.09000015258789,50.400001525878906,50.13999938964844,1516600.0,48.15834426879883
2016-12-16,50.790000915527344,49.91999816894531,50.15999984741211,50.099998474121094,2503900.0,48.119930267333984
2016-12-19,50.810001373291016,49.880001068115234,50.09000015258789,50.7599983215332,1081100.0,48.753841400146484
2016-12-20,51.060001373291016,50.54999923706055,50.869998931884766,50.91999816894531,953500.0,48.90752029418945
2016-12-21,51.13999938964844,50.65999984741211,50.849998474121094,50.83000183105469,1018300.0,48.82107925415039
2016-12-22,51.22999954223633,50.810001373291016,51.0,51.130001068115234,1003000.0,49.109222412109375
2016-12-23,51.18000030517578,50.84000015258789,51.08000183105469,51.0099983215332,539500.0,48.99396896362305
2016-12-27,51.220001220703125,50.66999816894531,51.0,50.86000061035156,466600.0,48.849891662597656
2016-12-28,51.150001525878906,49.90999984741211,50.97999954223633,49.939998626708984,740100.0,47.966251373291016
2016-12-29,50.220001220703125,49.68000030517578,50.029998779296875,49.77000045776367,626200.0,47.802974700927734
2016-12-30,50.0,49.36000061035156,49.97999954223633,49.52000045776367,646200.0,47.56285095214844
2017-01-03,50.25,49.209999084472656,49.95000076293945,49.650001525878906,1596700.0,47.687713623046875
2017-01-04,50.45000076293945,49.709999084472656,49.709999084472656,50.38999938964844,1703000.0,48.398468017578125
2017-01-05,50.5,49.68000030517578,50.18000030517578,49.93000030517578,1846000.0,47.9566535949707
2017-01-06,50.130001068115234,49.560001373291016,50.0099983215332,49.58000183105469,1561600.0,47.620487213134766
2017-01-09,49.599998474121094,49.15999984741211,49.54999923706055,49.369998931884766,1090400.0,47.41877746582031
2017-01-10,49.5099983215332,49.06999969482422,49.310001373291016,49.13999938964844,1642500.0,47.197872161865234
2017-01-11,49.5,49.0099983215332,49.25,49.400001525878906,1974100.0,47.44758987426758
2017-01-12,49.369998931884766,47.970001220703125,49.2599983215332,48.29999923706055,1784600.0,46.39106750488281
2017-01-13,49.150001525878906,48.06999969482422,48.16999816894531,48.7599983215332,2811300.0,46.832881927490234
2017-01-17,48.70000076293945,47.91999816894531,48.70000076293945,48.20000076293945,1228600.0,46.29502868652344
2017-01-18,48.65999984741211,48.11000061035156,48.27000045776367,48.43000030517578,1438500.0,46.515933990478516
2017-01-19,49.220001220703125,48.66999816894531,48.66999816894531,49.04999923706055,1966400.0,47.111427307128906
2017-01-20,49.380001068115234,48.869998931884766,49.20000076293945,49.060001373291016,867700.0,47.12103271484375
2017-01-23,49.11000061035156,48.279998779296875,49.02000045776367,48.5,660300.0,46.583168029785156
2017-01-24,49.27000045776367,48.59000015258789,48.650001525878906,49.06999969482422,2637900.0,47.13063430786133
2017-01-25,50.54999923706055,49.38999938964844,49.400001525878906,50.150001525878906,2138900.0,48.16795349121094
2017-01-26,50.5099983215332,49.83000183105469,50.11000061035156,50.09000015258789,1067400.0,48.110328674316406
2017-01-27,50.65999984741211,49.939998626708984,50.290000915527344,50.04999923706055,1321100.0,48.071903228759766
2017-01-30,49.9900016784668,49.09000015258789,49.869998931884766,49.5,1114800.0,47.54364013671875
2017-01-31,49.369998931884766,48.5,49.209999084472656,49.310001373291016,1421700.0,47.36115264892578
2017-02-01,49.65999984741211,48.45000076293945,49.04999923706055,49.150001525878906,2180300.0,47.20747375488281
2017-02-02,50.15999984741211,48.52000045776367,49.150001525878906,48.79999923706055,2546600.0,46.87131118774414
2017-02-03,49.54999923706055,48.81999969482422,49.369998931884766,49.25,2139000.0,47.303524017333984
2017-02-06,49.04999923706055,46.66999816894531,49.04999923706055,47.18000030517578,3267700.0,45.31533432006836
2017-02-07,47.84000015258789,46.779998779296875,47.27000045776367,47.220001220703125,1841500.0,45.35375213623047
2017-02-08,47.220001220703125,46.86000061035156,47.15999984741211,47.0,1608600.0,45.14244842529297
2017-02-09,47.75,46.86000061035156,47.0,47.619998931884766,1606100.0,45.737945556640625
2017-02-10,48.279998779296875,47.47999954223633,47.810001373291016,47.880001068115234,1409900.0,45.987667083740234
2017-02-13,48.470001220703125,47.7599983215332,48.150001525878906,48.279998779296875,1606100.0,46.371864318847656
2017-02-14,48.220001220703125,47.31999969482422,48.02000045776367,47.650001525878906,1747700.0,45.938026428222656
2017-02-15,47.939998626708984,47.369998931884766,47.52000045776367,47.66999816894531,1303200.0,45.95730972290039
2017-02-16,47.93000030517578,47.459999084472656,47.70000076293945,47.75,1183000.0,46.03443145751953
2017-02-17,47.810001373291016,47.16999816894531,47.54999923706055,47.79999923706055,2819400.0,46.0826416015625
2017-02-21,48.470001220703125,47.54999923706055,47.81999969482422,48.33000183105469,1450500.0,46.59359359741211
2017-02-22,48.310001373291016,47.59000015258789,47.59000015258789,48.25,2005200.0,46.51647186279297
2017-02-23,48.849998474121094,47.189998626708984,48.630001068115234,47.52000045776367,1227100.0,45.81269836425781
2017-02-24,48.130001068115234,46.95000076293945,46.95000076293945,47.900001525878906,1744400.0,46.17904281616211
2017-02-27,48.959999084472656,47.810001373291016,47.810001373291016,48.95000076293945,2046300.0,47.191322326660156
2017-02-28,49.08000183105469,48.099998474121094,48.7599983215332,48.119998931884766,1711700.0,46.391136169433594
2017-03-01,49.70000076293945,48.650001525878906,48.70000076293945,49.54999923706055,1657100.0,47.7697639465332
2017-03-02,49.54999923706055,48.7599983215332,49.5,48.88999938964844,1856400.0,47.13347625732422
2017-03-03,49.119998931884766,48.54999923706055,48.90999984741211,48.72999954223633,1658900.0,46.97922897338867
2017-03-06,48.88999938964844,48.2599983215332,48.290000915527344,48.529998779296875,1300100.0,46.78641891479492
2017-03-07,49.0099983215332,48.31999969482422,48.45000076293945,48.779998779296875,1614900.0,47.027427673339844
2017-03-08,48.90999984741211,47.5,48.709999084472656,47.54999923706055,2220800.0,45.84162139892578
2017-03-09,48.099998474121094,47.369998931884766,47.47999954223633,47.66999816894531,1026300.0,45.95730972290039
2017-03-10,48.470001220703125,47.75,48.130001068115234,48.2599983215332,1911000.0,46.52611541748047
2017-03-13,48.720001220703125,48.2599983215332,48.27000045776367,48.52000045776367,1333800.0,46.776763916015625
2017-03-14,48.43000030517578,47.72999954223633,48.29999923706055,48.04999923706055,920000.0,46.32365798950195
2017-03-15,48.900001525878906,48.27000045776367,48.31999969482422,48.560001373291016,1532200.0,46.81533432006836
2017-03-16,48.869998931884766,48.189998626708984,48.720001220703125,48.75,1187300.0,46.99850845336914
2017-03-17,49.29999923706055,48.63999938964844,48.880001068115234,49.15999984741211,1855900.0,47.393775939941406
2017-03-20,49.27000045776367,48.79999923706055,49.25,48.83000183105469,951800.0,47.07563400268555
2017-03-21,49.209999084472656,47.95000076293945,49.029998779296875,48.060001373291016,1611400.0,46.33330535888672
2017-03-22,49.369998931884766,47.91999816894531,48.15999984741211,49.279998779296875,1719800.0,47.509464263916016
2017-03-23,49.38999938964844,48.70000076293945,49.29999923706055,48.88999938964844,1142200.0,47.13347625732422
2017-03-24,49.61000061035156,48.970001220703125,49.13999938964844,49.220001220703125,1336200.0,47.45161819458008
2017-03-27,49.2599983215332,48.130001068115234,48.47999954223633,49.099998474121094,878900.0,47.3359375
2017-03-28,49.95000076293945,48.77000045776367,49.0,49.66999816894531,995200.0,47.88544845581055
2017-03-29,49.790000915527344,49.290000915527344,49.54999923706055,49.38999938964844,1046700.0,47.615516662597656
2017-03-30,50.11000061035156,49.18000030517578,49.43000030517578,49.900001525878906,969200.0,48.1071891784668
2017-03-31,50.5,49.77000045776367,49.790000915527344,50.220001220703125,1230100.0,48.415687561035156
2017-04-03,50.33000183105469,49.16999816894531,50.220001220703125,49.45000076293945,2097500.0,47.673362731933594
2017-04-04,50.86000061035156,50.0,50.0099983215332,50.369998931884766,2379800.0,48.560298919677734
2017-04-05,51.33000183105469,50.36000061035156,50.72999954223633,50.43000030517578,2417600.0,48.61814498901367
2017-04-06,51.400001525878906,50.369998931884766,50.529998779296875,50.91999816894531,1288400.0,49.09054183959961
2017-04-07,51.25,50.68000030517578,50.880001068115234,50.83000183105469,1355700.0,49.003780364990234
2017-04-10,51.25,50.400001525878906,50.79999923706055,50.7400016784668,1099300.0,48.91701126098633
2017-04-11,50.779998779296875,50.279998779296875,50.650001525878906,50.66999816894531,980700.0,48.84952926635742
2017-04-12,50.70000076293945,49.279998779296875,50.56999969482422,49.380001068115234,2104500.0,47.605873107910156
2017-04-13,49.560001373291016,48.810001373291016,49.27000045776367,48.880001068115234,1039800.0,47.12384033203125
2017-04-17,49.4900016784668,48.86000061035156,49.11000061035156,49.459999084472656,790100.0,47.68299865722656
2017-04-18,49.56999969482422,48.970001220703125,49.150001525878906,49.130001068115234,1116400.0,47.36486053466797
2017-04-19,49.4900016784668,49.04999923706055,49.40999984741211,49.33000183105469,1292200.0,47.55766677856445
2017-04-20,50.369998931884766,49.56999969482422,49.65999984741211,50.220001220703125,1191300.0,48.415687561035156
2017-04-21,50.77000045776367,50.0,50.279998779296875,50.650001525878906,1499700.0,48.83024978637695
2017-04-24,51.689998626708984,51.09000015258789,51.63999938964844,51.470001220703125,1796500.0,49.62078857421875
2017-04-25,52.029998779296875,51.29999923706055,51.72999954223633,51.810001373291016,1366400.0,49.948570251464844
2017-04-26,51.97999954223633,51.45000076293945,51.7599983215332,51.45000076293945,1197400.0,49.601505279541016
2017-04-27,51.77000045776367,51.349998474121094,51.540000915527344,51.619998931884766,755100.0,49.765403747558594
2017-04-28,51.790000915527344,51.25,51.65999984741211,51.40999984741211,1225300.0,49.56294250488281
2017-05-01,51.459999084472656,51.0,51.459999084472656,51.31999969482422,1140200.0,49.47617721557617
2017-05-02,52.439998626708984,50.279998779296875,51.779998779296875,50.40999984741211,2205700.0,48.59886932373047
2017-05-03,50.5099983215332,49.709999084472656,50.34000015258789,49.959999084472656,1265500.0,48.1650390625
2017-05-04,51.599998474121094,49.810001373291016,50.040000915527344,51.52000045776367,2264300.0,49.668983459472656
2017-05-05,52.369998931884766,51.619998931884766,51.72999954223633,52.29999923706055,1235700.0,50.42095947265625
2017-05-08,52.77000045776367,52.11000061035156,52.16999816894531,52.20000076293945,1436600.0,50.324554443359375
2017-05-09,52.43000030517578,51.599998474121094,52.150001525878906,51.849998474121094,1187800.0,49.98712921142578
2017-05-10,51.9900016784668,50.869998931884766,51.790000915527344,51.040000915527344,1054100.0,49.206233978271484
2017-05-11,50.970001220703125,50.119998931884766,50.81999969482422,50.880001068115234,929000.0,49.05198287963867
2017-05-12,51.20000076293945,50.560001373291016,50.86000061035156,50.97999954223633,982900.0,49.14838790893555
2017-05-15,52.790000915527344,51.7599983215332,51.7599983215332,52.290000915527344,1637800.0,50.41132354736328
2017-05-16,52.79999923706055,51.369998931884766,52.33000183105469,51.77000045776367,1109000.0,49.91000747680664
2017-05-17,51.810001373291016,51.11000061035156,51.77000045776367,51.54999923706055,1073400.0,49.69790267944336
2017-05-18,51.75,51.029998779296875,51.470001220703125,51.47999954223633,968700.0,49.63041687011719
2017-05-19,52.34000015258789,51.540000915527344,51.75,52.0099983215332,711000.0,50.141380310058594
2017-05-22,52.560001373291016,52.060001373291016,52.15999984741211,52.27000045776367,961400.0,50.39204025268555
2017-05-23,52.939998626708984,51.869998931884766,52.150001525878906,52.79999923706055,1291100.0,51.07890319824219
2017-05-24,52.970001220703125,52.290000915527344,52.689998626708984,52.61000061035156,675900.0,50.89508819580078
2017-05-25,52.869998931884766,51.88999938964844,52.70000076293945,52.130001068115234,1972300.0,50.43074035644531
2017-05-26,52.189998626708984,51.349998474121094,52.029998779296875,51.40999984741211,1000600.0,49.73420715332031
2017-05-30,52.0,51.290000915527344,51.400001525878906,51.790000915527344,802000.0,50.10182189941406
2017-05-31,52.400001525878906,51.63999938964844,51.849998474121094,52.13999938964844,1600500.0,50.44041061401367
2017-06-01,52.95000076293945,52.15999984741211,52.439998626708984,52.439998626708984,1467000.0,50.730628967285156
2017-06-02,53.16999816894531,52.20000076293945,52.220001220703125,53.0,929300.0,51.27238082885742
2017-06-05,53.5,52.88999938964844,53.0,53.20000076293945,1119100.0,51.46585464477539
2017-06-06,53.2400016784668,52.540000915527344,52.939998626708984,52.689998626708984,882100.0,50.97248840332031
2017-06-07,53.630001068115234,52.709999084472656,52.83000183105469,53.459999084472656,2016900.0,51.71738052368164
2017-06-08,53.599998474121094,52.86000061035156,53.459999084472656,53.58000183105469,1929500.0,51.83348083496094
2017-06-09,54.02000045776367,53.61000061035156,53.650001525878906,53.970001220703125,1149700.0,52.210758209228516
2017-06-12,54.09000015258789,53.61000061035156,54.0,54.02000045776367,1065000.0,52.259132385253906
2017-06-13,54.099998474121094,53.400001525878906,53.959999084472656,53.790000915527344,996300.0,52.03662872314453
2017-06-14,53.88999938964844,53.33000183105469,53.72999954223633,53.65999984741211,1068000.0,51.91086196899414
2017-06-15,53.959999084472656,53.22999954223633,53.43000030517578,53.959999084472656,825000.0,52.201087951660156
2017-06-16,54.290000915527344,53.630001068115234,54.0099983215332,54.04999923706055,1606300.0,52.28815841674805
2017-06-19,54.38999938964844,53.810001373291016,54.25,54.16999816894531,605300.0,52.40424346923828
2017-06-20,54.2400016784668,53.689998626708984,53.9900016784668,53.880001068115234,704700.0,52.12369155883789
2017-06-21,54.09000015258789,53.279998779296875,53.95000076293945,53.540000915527344,1027600.0,51.794776916503906
2017-06-22,53.9900016784668,53.29999923706055,53.54999923706055,53.849998474121094,1012400.0,52.09467315673828
2017-06-23,54.529998779296875,53.779998779296875,53.83000183105469,54.33000183105469,1151600.0,52.559024810791016
2017-06-26,54.84000015258789,54.15999984741211,54.38999938964844,54.68000030517578,2000800.0,52.89761734008789
2017-06-27,54.81999969482422,54.34000015258789,54.68000030517578,54.5,1234800.0,52.723480224609375
2017-06-28,55.029998779296875,54.349998474121094,54.75,54.970001220703125,1321100.0,53.17816925048828
2017-06-29,55.45000076293945,54.540000915527344,55.02000045776367,54.900001525878906,2108700.0,53.11044692993164
2017-06-30,55.68000030517578,54.900001525878906,54.970001220703125,55.43000030517578,1814300.0,53.6231689453125
2017-07-03,55.880001068115234,55.15999984741211,55.77000045776367,55.45000076293945,619800.0,53.64251708984375
2017-07-05,55.59000015258789,54.52000045776367,55.40999984741211,54.939998626708984,2073000.0,53.14914321899414
2017-07-06,55.06999969482422,54.31999969482422,54.88999938964844,54.380001068115234,2193600.0,52.607391357421875
2017-07-07,55.15999984741211,54.34000015258789,54.560001373291016,54.95000076293945,1347500.0,53.15882110595703
2017-07-10,55.06999969482422,54.52000045776367,54.779998779296875,54.61000061035156,2410600.0,52.82990264892578
2017-07-11,54.65999984741211,54.08000183105469,54.59000015258789,54.34000015258789,898200.0,52.568702697753906
2017-07-12,55.63999938964844,54.810001373291016,54.83000183105469,55.31999969482422,1249000.0,53.516761779785156
2017-07-13,55.88999938964844,55.20000076293945,55.5099983215332,55.84000015258789,1226400.0,54.019805908203125
2017-07-14,56.18000030517578,55.79999923706055,55.869998931884766,56.099998474121094,935500.0,54.271324157714844
2017-07-17,56.93000030517578,55.900001525878906,55.95000076293945,56.720001220703125,1165200.0,54.871116638183594
2017-07-18,56.619998931884766,56.18000030517578,56.56999969482422,56.41999816894531,954500.0,54.580902099609375
2017-07-19,57.09000015258789,56.5099983215332,56.56999969482422,57.06999969482422,704600.0,55.209712982177734
2017-07-20,57.099998474121094,56.68000030517578,57.08000183105469,56.93000030517578,756300.0,55.07427215576172
2017-07-21,57.65999984741211,56.650001525878906,56.790000915527344,57.619998931884766,1169800.0,55.741783142089844
2017-07-24,57.849998474121094,57.209999084472656,57.470001220703125,57.720001220703125,1093700.0,55.83852767944336
2017-07-25,58.22999954223633,57.189998626708984,58.220001220703125,57.209999084472656,1203900.0,55.34513854980469
2017-07-26,57.5099983215332,56.88999938964844,57.310001373291016,56.88999938964844,773200.0,55.035579681396484
2017-07-27,57.130001068115234,56.33000183105469,56.880001068115234,56.869998931884766,1304600.0,55.01622772216797
2017-07-28,57.130001068115234,56.58000183105469,56.75,56.93000030517578,1099800.0,55.07427215576172
2017-07-31,57.310001373291016,56.54999923706055,57.04999923706055,56.72999954223633,2195600.0,54.88079071044922
2017-08-01,59.77000045776367,57.619998931884766,57.619998931884766,59.29999923706055,2588800.0,57.36701583862305
2017-08-02,60.709999084472656,59.369998931884766,59.459999084472656,59.91999816894531,1351900.0,57.9668083190918
2017-08-03,59.79999923706055,59.13999938964844,59.77000045776367,59.560001373291016,1090700.0,57.61854553222656
2017-08-04,60.13999938964844,59.349998474121094,59.869998931884766,60.02000045776367,1361800.0,58.06355285644531
2017-08-07,60.13999938964844,59.65999984741211,59.93000030517578,60.040000915527344,870300.0,58.0828971862793
2017-08-08,60.25,59.65999984741211,59.7400016784668,59.84000015258789,908500.0,57.88942337036133
2017-08-09,60.31999969482422,59.630001068115234,59.83000183105469,59.709999084472656,1134000.0,57.76365661621094
2017-08-10,59.869998931884766,58.88999938964844,59.619998931884766,58.97999954223633,598300.0,57.05744934082031
2017-08-11,59.36000061035156,58.58000183105469,58.779998779296875,59.119998931884766,506100.0,57.1928825378418
2017-08-14,60.279998779296875,59.38999938964844,59.56999969482422,59.880001068115234,720800.0,57.92811584472656
2017-08-15,60.33000183105469,59.709999084472656,59.849998474121094,59.86000061035156,706700.0,57.90877151489258
2017-08-16,60.029998779296875,59.810001373291016,59.880001068115234,59.93000030517578,420600.0,57.97648239135742
2017-08-17,59.95000076293945,58.93000030517578,59.720001220703125,58.95000076293945,613700.0,57.02842712402344
2017-08-18,59.33000183105469,58.619998931884766,58.70000076293945,59.029998779296875,630900.0,57.10581588745117
2017-08-21,59.369998931884766,58.869998931884766,58.959999084472656,59.310001373291016,498700.0,57.3766975402832
2017-08-22,59.97999954223633,59.290000915527344,59.349998474121094,59.959999084472656,514400.0,58.00551223754883
2017-08-23,60.150001525878906,59.529998779296875,59.630001068115234,59.9900016784668,838800.0,58.03452682495117
2017-08-24,60.209999084472656,59.959999084472656,59.9900016784668,60.099998474121094,790300.0,58.14094543457031
2017-08-25,60.72999954223633,60.27000045776367,60.380001068115234,60.47999954223633,555500.0,58.508548736572266
2017-08-28,61.38999938964844,60.70000076293945,60.7599983215332,61.15999984741211,941700.0,59.1663932800293
2017-08-29,61.220001220703125,60.439998626708984,60.68000030517578,61.11000061035156,712500.0,59.29252243041992
2017-08-30,61.59000015258789,61.0,61.04999923706055,61.54999923706055,675900.0,59.71943664550781
2017-08-31,62.150001525878906,61.5,61.849998474121094,62.06999969482422,814500.0,60.22397232055664
2017-09-01,62.40999984741211,61.880001068115234,62.18000030517578,61.970001220703125,572400.0,60.12694549560547
2017-09-05,62.4900016784668,61.619998931884766,61.900001525878906,61.900001525878906,927200.0,60.05903244018555
2017-09-06,62.34000015258789,61.540000915527344,62.130001068115234,62.02000045776367,721400.0,60.17545700073242
2017-09-07,62.59000015258789,61.90999984741211,62.060001373291016,62.47999954223633,608500.0,60.62177276611328
2017-09-08,63.150001525878906,62.34000015258789,62.369998931884766,62.779998779296875,722900.0,60.9128532409668
2017-09-11,63.439998626708984,62.650001525878906,63.06999969482422,62.970001220703125,981000.0,61.09720230102539
2017-09-12,63.41999816894531,62.709999084472656,63.09000015258789,62.93000030517578,644200.0,61.058387756347656
2017-09-13,63.040000915527344,62.4900016784668,62.84000015258789,63.0099983215332,614600.0,61.136016845703125
2017-09-14,63.119998931884766,62.5099983215332,62.650001525878906,63.0099983215332,754500.0,61.136016845703125
2017-09-15,63.560001373291016,62.810001373291016,62.939998626708984,63.29999923706055,1277000.0,61.41738510131836
2017-09-18,63.7599983215332,63.369998931884766,63.439998626708984,63.65999984741211,669600.0,61.76668167114258
2017-09-19,64.48999786376953,63.65999984741211,63.790000915527344,63.83000183105469,725800.0,61.93162536621094
2017-09-20,64.08000183105469,63.59000015258789,63.790000915527344,64.04000091552734,715700.0,62.135379791259766
2017-09-21,64.37999725341797,63.90999984741211,64.0999984741211,63.93000030517578,794100.0,62.02865219116211
2017-09-22,64.80000305175781,63.95000076293945,64.01000213623047,64.75,776100.0,62.82426834106445
2017-09-25,64.80000305175781,64.25,64.62999725341797,64.45999908447266,765700.0,62.54289245605469
2017-09-26,64.69000244140625,63.27000045776367,64.55999755859375,63.34000015258789,1570800.0,61.45619583129883
2017-09-27,63.560001373291016,62.84000015258789,63.45000076293945,63.0,1528400.0,61.126312255859375
2017-09-28,63.040000915527344,62.2400016784668,62.90999984741211,62.45000076293945,1348100.0,60.59266662597656
2017-09-29,62.810001373291016,62.189998626708984,62.380001068115234,62.630001068115234,1030600.0,60.76731491088867
2017-10-02,63.34000015258789,62.63999938964844,62.81999969482422,63.31999969482422,937100.0,61.43679428100586
2017-10-03,63.93000030517578,62.869998931884766,63.38999938964844,63.93000030517578,1170600.0,62.02865219116211
2017-10-04,64.66000366210938,63.72999954223633,63.9900016784668,64.5199966430664,1024600.0,62.601097106933594
2017-10-05,64.61000061035156,64.0,64.58000183105469,64.47000122070312,758200.0,62.552589416503906
2017-10-06,64.6500015258789,64.16000366210938,64.33000183105469,64.55999755859375,806100.0,62.63991165161133
2017-10-09,64.86000061035156,64.41000366210938,64.62999725341797,64.6500015258789,598100.0,62.72724151611328
2017-10-10,64.93000030517578,64.41000366210938,64.83999633789062,64.62999725341797,392300.0,62.70783996582031
2017-10-11,64.75,64.19999694824219,64.61000061035156,64.30999755859375,540800.0,62.39735412597656
2017-10-12,64.88999938964844,64.05000305175781,64.20999908447266,64.87999725341797,880900.0,62.950401306152344
2017-10-13,65.41999816894531,64.62000274658203,65.0999984741211,64.70999908447266,548000.0,62.785465240478516
2017-10-16,66.27999877929688,64.88999938964844,65.06999969482422,65.95999908447266,1360600.0,63.9982795715332
2017-10-17,65.69999694824219,62.2400016784668,65.43000030517578,63.22999954223633,3114600.0,61.34947204589844
2017-10-18,63.79999923706055,63.02000045776367,63.349998474121094,63.68000030517578,1116800.0,61.78609085083008
2017-10-19,63.93000030517578,63.13999938964844,63.540000915527344,63.88999938964844,605400.0,61.989845275878906
2017-10-20,64.37999725341797,64.0199966430664,64.29000091552734,64.2300033569336,815500.0,62.319732666015625
2017-10-23,64.61000061035156,63.43000030517578,64.12000274658203,63.68000030517578,916600.0,61.78609085083008
2017-10-24,64.9000015258789,63.810001373291016,64.12999725341797,64.83000183105469,1051700.0,62.90188980102539
2017-10-25,64.87999725341797,64.12999725341797,64.83000183105469,64.52999877929688,809900.0,62.610801696777344
2017-10-26,65.0999984741211,64.45999908447266,64.80000305175781,64.80999755859375,1056600.0,62.88248062133789
2017-10-27,64.94000244140625,64.33000183105469,64.94000244140625,64.86000061035156,668200.0,62.930999755859375
2017-10-30,65.05999755859375,64.41000366210938,64.69999694824219,64.63999938964844,782000.0,62.717529296875
2017-10-31,67.63999938964844,64.80000305175781,65.01000213623047,66.52999877929688,1919700.0,64.55133056640625
2017-11-01,67.4800033569336,65.9800033569336,67.0199966430664,66.1500015258789,776600.0,64.35675048828125
2017-11-02,67.08999633789062,65.41000366210938,66.2699966430664,67.05999755859375,1198600.0,65.2420883178711
2017-11-03,67.04000091552734,66.45999908447266,66.9800033569336,66.56999969482422,632700.0,64.7653579711914
2017-11-06,67.19999694824219,66.0,66.66000366210938,66.54000091552734,654700.0,64.73619079589844
2017-11-07,66.81999969482422,66.16000366210938,66.58999633789062,66.61000061035156,518000.0,64.80429077148438
2017-11-08,67.02999877929688,66.29000091552734,66.61000061035156,66.55000305175781,487800.0,64.74591827392578
2017-11-09,66.4800033569336,65.68000030517578,66.12000274658203,66.27999877929688,391100.0,64.48322296142578
2017-11-10,66.45999908447266,65.80999755859375,66.27999877929688,66.25,504000.0,64.45404815673828
2017-11-13,66.37000274658203,65.88999938964844,66.11000061035156,66.02999877929688,480700.0,64.24002075195312
2017-11-14,66.43000030517578,65.91000366210938,65.91000366210938,66.33999633789062,610900.0,64.54158782958984
2017-11-15,66.18000030517578,65.69000244140625,65.95999908447266,65.9000015258789,493600.0,64.11353302001953
2017-11-16,66.73999786376953,65.73999786376953,65.9000015258789,66.4800033569336,465600.0,64.67780303955078
2017-11-17,66.6500015258789,65.68000030517578,66.16999816894531,66.41999816894531,561000.0,64.61943817138672
2017-11-20,67.01000213623047,66.19999694824219,66.5,66.98999786376953,330800.0,65.1739730834961
2017-11-21,67.5,67.04000091552734,67.33000183105469,67.41000366210938,1119400.0,65.58260345458984
2017-11-22,67.9000015258789,67.0199966430664,67.41000366210938,67.3499984741211,420300.0,65.52422332763672
2017-11-24,67.98999786376953,67.31999969482422,67.51000213623047,67.69000244140625,195900.0,65.85501861572266
2017-11-27,67.80000305175781,67.41000366210938,67.4800033569336,67.63999938964844,492400.0,65.80636596679688
2017-11-28,68.54000091552734,67.38999938964844,67.87000274658203,68.5199966430664,691200.0,66.66249084472656
2017-11-29,68.79000091552734,67.98999786376953,68.5999984741211,68.19999694824219,899700.0,66.35118103027344
2017-11-30,69.69000244140625,68.08000183105469,68.19999694824219,69.33999633789062,1524600.0,67.46027374267578
2017-12-01,69.66999816894531,67.86000061035156,69.37999725341797,69.01000213623047,674800.0,67.13921356201172
2017-12-04,69.87999725341797,68.66000366210938,69.5,68.7699966430664,825600.0,66.90571594238281
2017-12-05,69.12000274658203,67.69999694824219,68.75,67.83999633789062,738300.0,66.00093078613281
2017-12-06,68.25,67.4000015258789,67.83999633789062,67.9800033569336,1079900.0,66.13714599609375
2017-12-07,68.77999877929688,67.63999938964844,67.93000030517578,68.37999725341797,744500.0,66.52629852294922
2017-12-08,68.5199966430664,68.08000183105469,68.51000213623047,68.19000244140625,681300.0,66.34144592285156
2017-12-11,68.4000015258789,67.12999725341797,68.37999725341797,67.27999877929688,721200.0,65.45611572265625
2017-12-12,67.95999908447266,66.80000305175781,67.52999877929688,67.54000091552734,999000.0,65.70906066894531
2017-12-13,68.0199966430664,67.30999755859375,67.66000366210938,67.48999786376953,979600.0,65.66041564941406
2017-12-14,67.58999633789062,66.6500015258789,67.5,66.69999694824219,997400.0,64.89183807373047
2017-12-15,68.0,67.20999908447266,67.25,67.56999969482422,1818800.0,65.7382583618164
2017-12-18,68.44000244140625,67.5999984741211,68.04000091552734,67.9000015258789,1088100.0,66.05931854248047
2017-12-19,68.29000091552734,67.69000244140625,68.19000244140625,67.86000061035156,739200.0,66.0204086303711
2017-12-20,68.37000274658203,67.7699966430664,68.23999786376953,67.81999969482422,543100.0,65.98149108886719
2017-12-21,68.62999725341797,67.62999725341797,68.20999908447266,67.75,650000.0,65.91337585449219
2017-12-22,67.94999694824219,67.19999694824219,67.94000244140625,67.58000183105469,335900.0,65.74797821044922
2017-12-26,67.75,67.4000015258789,67.68000030517578,67.5,219200.0,65.6701431274414
2017-12-27,68.4000015258789,67.66000366210938,67.73999786376953,68.2300033569336,517300.0,66.38036346435547
2017-12-28,68.33000183105469,67.7699966430664,68.20999908447266,68.25,466300.0,66.39982604980469
2017-12-29,68.80000305175781,67.91999816894531,68.52999877929688,68.19999694824219,1046700.0,66.35118103027344
2018-01-02,68.20999908447266,67.5,68.20999908447266,68.06999969482422,877800.0,66.2247085571289
2018-01-03,68.91000366210938,67.97000122070312,67.98999786376953,68.9000015258789,778800.0,67.0322036743164
2018-01-04,69.63999938964844,69.02999877929688,69.02999877929688,69.36000061035156,796500.0,67.47972869873047
2018-01-05,69.54000091552734,69.04000091552734,69.5,69.2300033569336,666800.0,67.35325622558594
2018-01-08,69.58999633789062,68.8499984741211,69.19999694824219,69.4800033569336,554700.0,67.59648132324219
2018-01-09,69.87000274658203,69.37999725341797,69.55999755859375,69.5,687600.0,67.6159439086914
2018-01-10,69.4000015258789,68.6500015258789,69.30999755859375,69.0,784900.0,67.1294937133789
2018-01-11,69.9800033569336,68.5999984741211,68.81999969482422,69.97000122070312,880900.0,68.07318878173828
2018-01-12,70.79000091552734,70.05000305175781,70.11000061035156,70.45999908447266,847700.0,68.54991149902344
2018-01-16,71.48999786376953,70.12000274658203,70.87999725341797,70.54000091552734,940100.0,68.62774658203125
2018-01-17,71.23999786376953,70.69999694824219,71.0,71.0199966430664,957200.0,69.09471893310547
2018-01-18,71.27999877929688,70.73999786376953,70.83999633789062,71.11000061035156,1022100.0,69.18228912353516
2018-01-19,75.16000366210938,71.2300033569336,71.54000091552734,71.91000366210938,1222000.0,69.96060943603516
2018-01-22,72.66000366210938,71.5,71.94999694824219,72.6500015258789,794700.0,70.68055725097656
2018-01-23,72.7699966430664,72.19000244140625,72.5,72.61000061035156,856000.0,70.64163208007812
2018-01-24,73.1500015258789,72.12000274658203,72.75,72.56999969482422,620100.0,70.60270690917969
2018-01-25,73.55000305175781,72.36000061035156,72.91999816894531,73.23999786376953,709400.0,71.25454711914062
2018-01-26,74.44000244140625,73.37999725341797,73.5,74.41000366210938,804400.0,72.39283752441406
2018-01-29,74.4800033569336,73.2300033569336,74.06999969482422,73.41000366210938,791500.0,71.4199447631836
2018-01-30,73.5199966430664,72.5999984741211,72.83999633789062,73.06999969482422,835900.0,71.08915710449219
2018-01-31,73.98999786376953,72.08999633789062,73.26000213623047,72.26000213623047,1638300.0,70.30110931396484
2018-02-01,75.68000030517578,72.5,72.5,74.83999633789062,1817600.0,72.81117248535156
2018-02-02,76.80999755859375,74.6500015258789,74.94999694824219,75.66000366210938,2171800.0,73.60896301269531
2018-02-05,76.16999816894531,72.61000061035156,75.22000122070312,72.66000366210938,2214300.0,70.69026947021484
2018-02-06,71.8499984741211,69.69000244140625,71.6500015258789,71.33000183105469,2295200.0,69.39633178710938
2018-02-07,72.86000061035156,71.12000274658203,71.2699966430664,71.79000091552734,1748800.0,69.84385681152344
2018-02-08,72.1500015258789,70.20999908447266,71.73999786376953,70.23999786376953,1495000.0,68.33588409423828
2018-02-09,71.30000305175781,68.37999725341797,70.9800033569336,70.81999969482422,1725200.0,68.90015411376953
2018-02-12,72.5999984741211,71.0,71.2699966430664,71.93000030517578,1040500.0,69.98005676269531
2018-02-13,72.94999694824219,71.43000030517578,71.44999694824219,72.7699966430664,987200.0,70.79728698730469
2018-02-14,73.51000213623047,71.95999908447266,72.16999816894531,73.30999755859375,1369000.0,71.52906036376953
2018-02-15,74.83000183105469,73.18000030517578,73.88999938964844,74.7300033569336,1302700.0,72.9145736694336
2018-02-16,75.9000015258789,74.37000274658203,74.54000091552734,75.2300033569336,955500.0,73.40243530273438
2018-02-20,75.91000366210938,74.51000213623047,75.02999877929688,74.7300033569336,1170000.0,72.9145736694336
2018-02-21,76.3499984741211,74.9000015258789,75.0199966430664,75.18000030517578,1011400.0,73.3536376953125
2018-02-22,76.04000091552734,74.87000274658203,75.56999969482422,75.05000305175781,704600.0,73.22681427001953
2018-02-23,75.95999908447266,74.80000305175781,75.12999725341797,75.93000030517578,443500.0,74.08541870117188
2018-02-26,76.61000061035156,75.55000305175781,76.25,76.26000213623047,1014100.0,74.40740203857422
2018-02-27,76.62000274658203,75.7300033569336,76.37000274658203,75.75,813700.0,73.90979766845703
2018-02-28,76.68000030517578,74.55999755859375,75.77999877929688,74.58000183105469,1001300.0,72.76822662353516
2018-03-01,74.70999908447266,72.44000244140625,74.5,73.2699966430664,1520100.0,71.49004364013672
2018-03-02,73.75,72.27999877929688,72.75,73.51000213623047,910100.0,71.72421264648438
2018-03-05,74.08999633789062,72.55000305175781,73.20999908447266,73.86000061035156,1023100.0,72.06570434570312
2018-03-06,75.36000061035156,74.2300033569336,74.23999786376953,75.27999877929688,907500.0,73.45121765136719
2018-03-07,76.54000091552734,74.36000061035156,74.44999694824219,76.37999725341797,1229500.0,74.52449035644531
2018-03-08,77.26000213623047,75.81999969482422,76.79000091552734,77.19000244140625,1092900.0,75.3148193359375
2018-03-09,79.5199966430664,77.58999633789062,77.69999694824219,79.4800033569336,1202300.0,77.5491943359375
2018-03-12,79.66999816894531,77.80999755859375,79.5,78.08999633789062,882900.0,76.19294738769531
2018-03-13,79.02999877929688,77.69000244140625,78.3499984741211,77.9800033569336,700400.0,76.08562469482422
2018-03-14,78.43000030517578,76.9800033569336,78.43000030517578,77.11000061035156,831800.0,75.23676300048828
2018-03-15,78.08000183105469,77.05999755859375,77.43000030517578,77.63999938964844,628200.0,75.7538833618164
2018-03-16,78.69000244140625,77.66999816894531,77.93000030517578,78.44999694824219,1056500.0,76.54420471191406
2018-03-19,78.5,77.41000366210938,78.0199966430664,78.16999816894531,878000.0,76.27100372314453
2018-03-20,79.44999694824219,78.19000244140625,78.30999755859375,79.0199966430664,671000.0,77.10034942626953
2018-03-21,79.83000183105469,78.72000122070312,79.04000091552734,79.33999633789062,845000.0,77.4125747680664
2018-03-22,79.30000305175781,77.29000091552734,78.62000274658203,77.37999725341797,839800.0,75.50019073486328
2018-03-23,78.02999877929688,75.52999877929688,77.56999969482422,75.69000244140625,981700.0,73.85126495361328
2018-03-26,77.94999694824219,76.23999786376953,76.73999786376953,77.87999725341797,927800.0,75.98805236816406
2018-03-27,78.55000305175781,75.95999908447266,78.13999938964844,76.31999969482422,789100.0,74.46593475341797
2018-03-28,76.91000366210938,75.33999633789062,76.52999877929688,75.80999755859375,949600.0,73.96833801269531
2018-03-29,77.52999877929688,76.04000091552734,76.33999633789062,76.91999816894531,894800.0,75.05136108398438
2018-04-02,77.16000366210938,74.41000366210938,76.91999816894531,75.0999984741211,944100.0,73.27558898925781
2018-04-03,76.80000305175781,74.66999816894531,75.26000213623047,76.69999694824219,1245500.0,74.83670806884766
2018-04-04,76.81999969482422,75.04000091552734,75.41999816894531,76.76000213623047,1022500.0,74.895263671875
2018-04-05,78.12000274658203,77.05999755859375,77.16000366210938,77.5999984741211,839900.0,75.71485137939453
2018-04-06,77.26000213623047,74.56999969482422,76.9000015258789,75.4000015258789,1176500.0,73.56830596923828
2018-04-09,76.9800033569336,75.61000061035156,75.86000061035156,75.70999908447266,567200.0,73.87076568603516
2018-04-10,77.30000305175781,76.26000213623047,76.66999816894531,76.77999877929688,832100.0,74.91477966308594
2018-04-11,76.70999908447266,75.7300033569336,76.08999633789062,76.19000244140625,982700.0,74.33910369873047
2018-04-12,77.38999938964844,76.51000213623047,76.63999938964844,77.12000274658203,747100.0,75.24652862548828
2018-04-13,77.77999877929688,76.44000244140625,77.5,76.83000183105469,625000.0,74.96356201171875
2018-04-16,77.98999786376953,77.08000183105469,77.5,77.79000091552734,719300.0,75.90023803710938
2018-04-17,79.30999755859375,78.23999786376953,78.41999816894531,78.87999725341797,1003500.0,76.96376037597656
2018-04-18,79.62000274658203,78.58999633789062,79.08000183105469,79.22000122070312,1067100.0,77.29550170898438
2018-04-19,79.37000274658203,78.4000015258789,78.98999786376953,78.75,1156000.0,76.8369140625
2018-04-20,79.43000030517578,78.55999755859375,78.80000305175781,79.2699966430664,679000.0,77.34428405761719
2018-04-23,79.79000091552734,78.18000030517578,79.27999877929688,78.51000213623047,857300.0,76.60275268554688
2018-04-24,79.37999725341797,74.66000366210938,78.80999755859375,75.48999786376953,1252700.0,73.65611267089844
2018-04-25,75.91999816894531,74.80000305175781,75.55000305175781,75.52999877929688,1089800.0,73.69515228271484
2018-04-26,75.58999633789062,74.08999633789062,75.58999633789062,74.7300033569336,1265200.0,72.9145736694336
2018-04-27,74.7699966430664,73.2699966430664,74.68000030517578,73.70999908447266,1545500.0,71.91934967041016
2018-04-30,74.29000091552734,72.79000091552734,73.97000122070312,72.9000015258789,1823500.0,71.1290283203125
2018-05-01,72.12999725341797,68.12999725341797,72.08999633789062,70.37000274658203,2955600.0,68.66049194335938
2018-05-02,70.7300033569336,68.69000244140625,69.94000244140625,68.87999725341797,1953300.0,67.20669555664062
2018-05-03,70.0999984741211,68.08999633789062,68.43000030517578,69.62999725341797,2118400.0,67.93846130371094
2018-05-04,70.33999633789062,68.76000213623047,69.22000122070312,70.08000183105469,1044900.0,68.37754821777344
2018-05-07,70.68000030517578,69.80000305175781,70.08000183105469,70.0199966430664,943800.0,68.3189926147461
2018-05-08,71.01000213623047,69.75,69.75,70.8499984741211,1530700.0,69.12883758544922
2018-05-09,72.05999755859375,70.66999816894531,71.29000091552734,71.91999816894531,1538300.0,70.1728286743164
2018-05-10,73.02999877929688,72.08000183105469,72.19999694824219,72.61000061035156,1150000.0,70.8460693359375
2018-05-11,73.5999984741211,72.77999877929688,72.80000305175781,73.52999877929688,1737100.0,71.74372863769531
2018-05-14,74.0999984741211,73.0199966430664,73.80999755859375,73.47000122070312,1828500.0,71.6851806640625
2018-05-15,73.18000030517578,71.55999755859375,72.9800033569336,72.06999969482422,1365300.0,70.3191909790039
2018-05-16,72.33999633789062,71.20999908447266,72.08000183105469,71.44999694824219,1238100.0,69.7142562866211
2018-05-17,71.9800033569336,71.2300033569336,71.30999755859375,71.47000122070312,1026100.0,69.73377990722656
2018-05-18,72.12999725341797,71.41999816894531,71.41999816894531,71.63999938964844,3018700.0,69.89964294433594
2018-05-21,73.12999725341797,72.05999755859375,72.05999755859375,73.02999877929688,886000.0,71.255859375
2018-05-22,73.08999633789062,72.01000213623047,73.08000183105469,72.0999984741211,746300.0,70.34845733642578
2018-05-23,71.94999694824219,71.01000213623047,71.75,71.55000305175781,838300.0,70.01575469970703
2018-05-24,72.04000091552734,71.0199966430664,71.4000015258789,72.01000213623047,652500.0,70.46589660644531
2018-05-25,72.04000091552734,71.12999725341797,71.66000366210938,71.4000015258789,732800.0,69.86897277832031
2018-05-29,71.3499984741211,69.95999908447266,70.81999969482422,70.55000305175781,1012900.0,69.0372085571289
2018-05-30,71.87000274658203,70.69999694824219,70.91000366210938,71.48999786376953,793700.0,69.95704650878906
2018-05-31,71.55000305175781,70.20999908447266,71.55000305175781,70.4000015258789,1303200.0,68.89041900634766
2018-06-01,72.11000061035156,70.79000091552734,71.12000274658203,71.83999633789062,1030800.0,70.2995376586914
2018-06-04,72.56999969482422,71.33000183105469,72.19000244140625,71.45999908447266,742200.0,69.92768096923828
2018-06-05,71.86000061035156,71.25,71.68000030517578,71.66000366210938,674500.0,70.12340545654297
2018-06-06,72.66000366210938,71.52999877929688,71.86000061035156,72.62000274658203,738400.0,71.06281280517578
2018-06-07,73.19999694824219,72.69000244140625,72.75,73.11000061035156,949200.0,71.54230499267578
2018-06-08,73.30000305175781,71.80999755859375,73.05999755859375,73.2699966430664,747300.0,71.6988754272461
2018-06-11,73.75,71.80999755859375,73.38999938964844,71.81999969482422,1276700.0,70.27997589111328
2018-06-12,72.18000030517578,70.94000244140625,71.80999755859375,71.38999938964844,1152200.0,69.85919189453125
2018-06-13,71.80000305175781,71.3499984741211,71.43000030517578,71.66000366210938,1324700.0,70.12340545654297
2018-06-14,72.4800033569336,71.33999633789062,71.80000305175781,71.7300033569336,965900.0,70.19190216064453
2018-06-15,71.51000213623047,70.36000061035156,71.44999694824219,71.3499984741211,2032600.0,69.8200454711914
2018-06-18,71.69999694824219,70.62999725341797,70.75,71.58999633789062,914400.0,70.05489349365234
2018-06-19,71.01000213623047,68.58000183105469,70.87000274658203,68.80999755859375,1969500.0,67.33451843261719
2018-06-20,69.75,69.04000091552734,69.30999755859375,69.3499984741211,997900.0,67.86293029785156
2018-06-21,69.33999633789062,66.2699966430664,69.06999969482422,66.51000213623047,1531100.0,65.08384704589844
2018-06-22,68.08999633789062,66.08000183105469,66.8499984741211,66.44999694824219,2181400.0,65.02511596679688
2018-06-25,66.4800033569336,65.55000305175781,66.0,66.2699966430664,1059900.0,64.84896850585938
2018-06-26,67.06999969482422,66.48999786376953,66.5999984741211,66.58000183105469,1199800.0,65.15233612060547
2018-06-27,67.9000015258789,66.19999694824219,66.98999786376953,66.4000015258789,1228200.0,64.97618865966797
2018-06-28,66.72000122070312,65.80999755859375,66.41999816894531,66.33000183105469,1163800.0,64.90768432617188
2018-06-29,67.69000244140625,66.55999755859375,66.73999786376953,67.37999725341797,1455200.0,65.93517303466797
2018-07-02,67.63999938964844,66.1500015258789,66.75,67.58000183105469,1005100.0,66.1308822631836
2018-07-03,68.04000091552734,66.87999725341797,67.88999938964844,67.05999755859375,755800.0,65.62203979492188
2018-07-05,67.70999908447266,66.72000122070312,67.41999816894531,67.12000274658203,1860300.0,65.6807632446289
2018-07-06,67.06999969482422,66.5199966430664,66.95999908447266,66.80999755859375,1219800.0,65.37738800048828
2018-07-09,68.23999786376953,67.04000091552734,67.18000030517578,68.04000091552734,1038700.0,66.58102416992188
2018-07-10,68.5999984741211,67.80000305175781,68.12000274658203,68.19000244140625,1616000.0,66.7278060913086
2018-07-11,67.61000061035156,66.45999908447266,66.55999755859375,66.69999694824219,1465800.0,65.26974487304688
2018-07-12,68.30999755859375,66.7300033569336,67.12000274658203,68.06999969482422,1287100.0,66.6103744506836
2018-07-13,68.61000061035156,67.66999816894531,68.04000091552734,68.5199966430664,809800.0,67.05072021484375
2018-07-16,68.61000061035156,67.25,68.3499984741211,67.4000015258789,819400.0,65.95474243164062
2018-07-17,67.88999938964844,66.98999786376953,67.36000061035156,67.80000305175781,642700.0,66.34617614746094
2018-07-18,68.31999969482422,67.81999969482422,68.0999984741211,68.19000244140625,711700.0,66.7278060913086
2018-07-19,68.7300033569336,68.04000091552734,68.05999755859375,68.58000183105469,896600.0,67.10945129394531
2018-07-20,70.54000091552734,68.55000305175781,68.55000305175781,69.56999969482422,1634600.0,68.07821655273438
2018-07-23,69.19999694824219,67.16000366210938,69.19999694824219,67.79000091552734,1332100.0,66.33638000488281
2018-07-24,68.6500015258789,67.86000061035156,68.2699966430664,68.30000305175781,1007900.0,66.83544921875
2018-07-25,69.13999938964844,68.06999969482422,68.06999969482422,69.08000183105469,1126300.0,67.59871673583984
2018-07-26,70.41999816894531,68.94999694824219,69.18000030517578,70.31999969482422,723900.0,68.8121337890625
2018-07-27,70.72000122070312,69.88999938964844,70.44000244140625,70.19000244140625,847100.0,68.68492889404297
2018-07-30,71.11000061035156,69.91000366210938,70.4000015258789,70.02999877929688,1460000.0,68.52835845947266
2018-07-31,77.13999938964844,71.5,71.80999755859375,76.55999755859375,3565600.0,74.91831970214844
2018-08-01,76.5,74.51000213623047,76.48999786376953,74.91999816894531,1993500.0,73.31349182128906
2018-08-02,75.19999694824219,73.69000244140625,74.16999816894531,75.02999877929688,1891200.0,73.42112731933594
2018-08-03,76.01000213623047,74.16999816894531,74.16999816894531,76.0,1123900.0,74.3703384399414
2018-08-06,76.33000183105469,75.7300033569336,76.12999725341797,76.06999969482422,950400.0,74.4388427734375
2018-08-07,77.12000274658203,76.2699966430664,76.4800033569336,76.72000122070312,1064100.0,75.07489776611328
2018-08-08,77.19000244140625,75.87000274658203,76.5999984741211,76.86000061035156,691200.0,75.21189880371094
2018-08-09,77.58000183105469,76.20999908447266,76.81999969482422,76.69000244140625,725100.0,75.04554748535156
2018-08-10,76.70999908447266,75.72000122070312,76.47000122070312,75.80000305175781,881800.0,74.17462158203125
2018-08-13,76.12000274658203,74.69999694824219,75.80000305175781,74.91999816894531,838700.0,73.31349182128906
2018-08-14,75.54000091552734,74.69000244140625,75.08999633789062,74.75,938000.0,73.14712524414062
2018-08-15,74.3499984741211,73.13999938964844,74.16999816894531,74.30999755859375,860500.0,72.7165756225586
2018-08-16,75.16999816894531,74.41000366210938,74.61000061035156,74.76000213623047,813400.0,73.15692901611328
2018-08-17,75.8499984741211,74.76000213623047,74.86000061035156,75.43000030517578,2399800.0,73.81256103515625
2018-08-20,76.43000030517578,75.47000122070312,76.0,75.80999755859375,933800.0,74.18441009521484
2018-08-21,76.36000061035156,75.55000305175781,75.6500015258789,76.16000366210938,823400.0,74.52690124511719
2018-08-22,76.04000091552734,75.22000122070312,76.04000091552734,75.31999969482422,865100.0,73.70492553710938
2018-08-23,75.41000366210938,74.69000244140625,75.27999877929688,74.9000015258789,721900.0,73.29393005371094
2018-08-24,75.58000183105469,74.95999908447266,75.33999633789062,75.5199966430664,624400.0,73.90061950683594
2018-08-27,76.7699966430664,75.55999755859375,76.0,76.63999938964844,777900.0,74.9966049194336
2018-08-28,77.36000061035156,76.18000030517578,76.77999877929688,76.41999816894531,839600.0,74.78133392333984
2018-08-29,77.01000213623047,76.08000183105469,76.30000305175781,76.86000061035156,718500.0,75.41914367675781
2018-08-30,76.91000366210938,75.72000122070312,76.66999816894531,75.91000366210938,603400.0,74.4869613647461
2018-08-31,76.2699966430664,75.5,75.69000244140625,75.91000366210938,636800.0,74.4869613647461
2018-09-04,75.76000213623047,75.08000183105469,75.66000366210938,75.66000366210938,499700.0,74.24165344238281
2018-09-05,78.20999908447266,75.7300033569336,76.06999969482422,77.70999908447266,1268500.0,76.25321197509766
2018-09-06,78.87000274658203,77.66999816894531,77.66999816894531,78.41000366210938,997600.0,76.94009399414062
2018-09-07,78.7699966430664,77.02999877929688,77.88999938964844,78.66999816894531,1396800.0,77.1952133178711
2018-09-10,80.48999786376953,78.79000091552734,79.0,79.9000015258789,1286900.0,78.40215301513672
2018-09-11,79.97000122070312,78.9000015258789,79.62000274658203,79.80000305175781,843700.0,78.30403137207031
2018-09-12,80.44999694824219,79.63999938964844,79.80000305175781,80.0199966430664,911000.0,78.51991271972656
2018-09-13,81.31999969482422,80.12000274658203,80.81999969482422,80.77999877929688,862100.0,79.26566314697266
2018-09-14,81.18000030517578,80.45999908447266,80.7300033569336,80.93000030517578,750700.0,79.412841796875
2018-09-17,81.66999816894531,80.7699966430664,81.02999877929688,81.54000091552734,820500.0,80.01140594482422
2018-09-18,81.91999816894531,80.81999969482422,81.4800033569336,81.87000274658203,832900.0,80.33523559570312
2018-09-19,82.44000244140625,81.29000091552734,81.98999786376953,81.33999633789062,759900.0,79.81515502929688
2018-09-20,82.27999877929688,81.05000305175781,81.68000030517578,81.38999938964844,749000.0,79.8642349243164
2018-09-21,82.16999816894531,80.83000183105469,81.56999969482422,81.22000122070312,1156800.0,79.6974105834961
2018-09-24,81.08999633789062,79.9000015258789,81.08999633789062,80.05999755859375,874000.0,78.55915832519531
2018-09-25,80.48999786376953,79.69000244140625,80.26000213623047,80.13999938964844,735400.0,78.63765716552734
2018-09-26,80.80999755859375,80.02999877929688,80.22000122070312,80.13999938964844,559700.0,78.63765716552734
2018-09-27,81.18000030517578,80.0999984741211,80.38999938964844,80.29000091552734,691000.0,78.78484344482422
2018-09-28,80.94000244140625,79.69999694824219,80.27999877929688,79.87000274658203,731000.0,78.37271881103516
2018-10-01,80.95999908447266,80.05999755859375,80.66000366210938,80.63999938964844,534200.0,79.12828063964844
2018-10-02,81.08000183105469,80.04000091552734,80.54000091552734,80.41000366210938,666800.0,78.90260314941406
2018-10-03,80.83000183105469,79.41000366210938,79.9800033569336,80.61000061035156,1216800.0,79.09883880615234
2018-10-04,80.8499984741211,79.66999816894531,80.33000183105469,80.29000091552734,817700.0,78.78484344482422
2018-10-05,80.56999969482422,78.47000122070312,80.30999755859375,79.30999755859375,834600.0,77.8232192993164
2018-10-08,78.4000015258789,77.22000122070312,77.80000305175781,77.73999786376953,965500.0,76.28264617919922
2018-10-09,77.81999969482422,74.3499984741211,77.54000091552734,74.41999816894531,1859400.0,73.02489471435547
2018-10-10,74.19999694824219,72.06999969482422,74.0999984741211,72.13999938964844,1400200.0,70.78762817382812
2018-10-11,72.08999633789062,69.0,71.73999786376953,69.04000091552734,1715900.0,67.74574279785156
2018-10-12,70.94000244140625,68.44000244140625,70.0999984741211,69.7699966430664,1898200.0,68.4620590209961
2018-10-15,70.18000030517578,69.19999694824219,69.55000305175781,69.72000122070312,1042600.0,68.41300201416016
2018-10-16,71.80000305175781,70.12000274658203,70.58000183105469,71.75,1100200.0,70.40493774414062
2018-10-17,72.0999984741211,70.66999816894531,71.58000183105469,71.33999633789062,882900.0,70.00262451171875
2018-10-18,71.33999633789062,69.4000015258789,70.86000061035156,69.88999938964844,1112700.0,68.57980346679688
2018-10-19,70.31999969482422,68.91000366210938,70.31999969482422,69.2699966430664,878500.0,67.97142791748047
2018-10-22,69.7300033569336,68.69999694824219,69.41000366210938,69.3499984741211,811400.0,68.0499267578125
2018-10-23,68.93000030517578,67.12000274658203,67.88999938964844,68.36000061035156,1617900.0,67.07848358154297
2018-10-24,68.94999694824219,65.8499984741211,68.5199966430664,65.93000030517578,1612400.0,64.69404602050781
2018-10-25,67.2699966430664,65.95999908447266,66.41999816894531,66.8499984741211,1303000.0,65.5968017578125
2018-10-26,67.37999725341797,65.33000183105469,65.95999908447266,66.5199966430664,1196000.0,65.27298736572266
2018-10-29,68.25,64.75,67.66000366210938,65.69999694824219,1592100.0,64.46835327148438
2018-10-30,68.08000183105469,63.709999084472656,67.0199966430664,65.12999725341797,1948900.0,63.909034729003906
2018-10-31,66.54000091552734,65.0,65.44999694824219,65.58000183105469,1957700.0,64.55876159667969
2018-11-01,69.01000213623047,65.58000183105469,65.97000122070312,68.75,1501000.0,67.67939758300781
2018-11-02,69.6500015258789,67.81999969482422,69.38999938964844,68.0199966430664,1232600.0,66.96076202392578
2018-11-05,68.83000183105469,67.29000091552734,68.3499984741211,68.51000213623047,1260700.0,67.4431381225586
2018-11-06,70.06999969482422,68.26000213623047,68.45999908447266,69.8499984741211,1326900.0,68.76226806640625
2018-11-07,71.55999755859375,69.58000183105469,70.62999725341797,71.5,1198400.0,70.38658142089844
2018-11-08,72.18000030517578,71.08000183105469,71.25,71.55999755859375,920500.0,70.44563293457031
2018-11-09,71.30999755859375,69.91999816894531,71.26000213623047,70.87999725341797,1040000.0,69.7762222290039
2018-11-12,71.41999816894531,68.86000061035156,71.0199966430664,68.98999786376953,1244600.0,67.91566467285156
2018-11-13,70.12999725341797,68.30999755859375,69.16999816894531,68.77999877929688,794200.0,67.70893096923828
2018-11-14,70.01000213623047,67.58000183105469,69.3499984741211,68.13999938964844,1115000.0,67.07890319824219
2018-11-15,70.69999694824219,67.30000305175781,67.5999984741211,70.44999694824219,814300.0,69.35292053222656
2018-11-16,71.51000213623047,70.01000213623047,70.2300033569336,70.87000274658203,1000500.0,69.7663803100586
2018-11-19,70.91999816894531,69.16000366210938,70.58999633789062,69.44999694824219,673600.0,68.36848449707031
2018-11-20,69.05000305175781,67.16999816894531,68.61000061035156,67.22000122070312,1625100.0,66.17323303222656
2018-11-21,69.0999984741211,67.5999984741211,67.5999984741211,68.2699966430664,1398900.0,67.20687103271484
2018-11-23,68.54000091552734,67.7300033569336,67.73999786376953,68.0199966430664,375900.0,66.96076202392578
2018-11-26,69.58000183105469,68.4000015258789,68.80999755859375,69.56999969482422,1087700.0,68.48662567138672
2018-11-27,69.83000183105469,68.52999877929688,69.16999816894531,69.51000213623047,1038100.0,68.42755889892578
2018-11-28,71.12999725341797,68.87000274658203,69.83999633789062,71.12999725341797,744200.0,70.02233123779297
2018-11-29,71.61000061035156,70.22000122070312,70.95999908447266,71.30000305175781,790100.0,70.18968963623047
2018-11-30,73.08999633789062,70.95999908447266,71.36000061035156,72.9800033569336,1547800.0,71.8435287475586
2018-12-03,75.08999633789062,72.12000274658203,74.80999755859375,72.30000305175781,1421600.0,71.17412567138672
2018-12-04,72.41999816894531,67.95999908447266,72.08000183105469,68.04000091552734,1286100.0,66.98045349121094
2018-12-06,66.91000366210938,65.01000213623047,66.80999755859375,66.83000183105469,1954700.0,65.789306640625
2018-12-07,68.2300033569336,65.04000091552734,67.0,65.69000244140625,1102400.0,64.66705322265625
2018-12-10,66.16999816894531,64.66000366210938,65.69000244140625,65.9000015258789,713300.0,64.873779296875
2018-12-11,67.56999969482422,65.01000213623047,67.16000366210938,65.41999816894531,726000.0,64.40126037597656
2018-12-12,67.30000305175781,65.55999755859375,66.66999816894531,65.62999725341797,700600.0,64.60797882080078
2018-12-13,66.20999908447266,65.0999984741211,65.91999816894531,65.58999633789062,792600.0,64.568603515625
2018-12-14,66.12999725341797,64.61000061035156,64.80000305175781,65.44000244140625,983900.0,64.42095184326172
2018-12-17,66.23999786376953,64.01000213623047,65.22000122070312,64.30000305175781,1356200.0,63.2986946105957
2018-12-18,65.6500015258789,63.7599983215332,64.75,64.38999938964844,1164900.0,63.387290954589844
2018-12-19,66.97000122070312,64.4000015258789,65.68000030517578,65.12999725341797,1390200.0,64.11576843261719
2018-12-20,65.13999938964844,62.650001525878906,64.66999816894531,63.86000061035156,1835100.0,62.86555099487305
2018-12-21,65.0999984741211,62.86000061035156,63.939998626708984,63.439998626708984,2237100.0,62.452083587646484
2018-12-24,63.15999984741211,61.33000183105469,62.97999954223633,61.380001068115234,542800.0,60.424171447753906
2018-12-26,64.30000305175781,60.650001525878906,61.689998626708984,64.2699966430664,806200.0,63.26915740966797
2018-12-27,65.3499984741211,62.54999923706055,62.880001068115234,65.3499984741211,790800.0,64.33234405517578
2018-12-28,66.31999969482422,65.0,65.5999984741211,65.30000305175781,782800.0,64.28312683105469
2018-12-31,66.7300033569336,65.43000030517578,65.5199966430664,66.72000122070312,663800.0,65.68101501464844
2019-01-02,66.68000030517578,64.44000244140625,65.70999908447266,66.51000213623047,990900.0,65.47428894042969
2019-01-03,66.3499984741211,63.779998779296875,66.19000244140625,64.2300033569336,1243100.0,63.22978591918945
2019-01-04,67.02999877929688,65.1500015258789,65.47000122070312,66.94000244140625,970900.0,65.89757537841797
2019-01-07,67.26000213623047,65.6500015258789,66.83999633789062,65.94999694824219,1341600.0,64.9229965209961
2019-01-08,66.86000061035156,65.55000305175781,66.86000061035156,66.56999969482422,912800.0,65.5333480834961
2019-01-09,68.2699966430664,66.7699966430664,66.98999786376953,67.6500015258789,1164400.0,66.59652709960938
2019-01-10,69.0199966430664,67.16999816894531,67.33999633789062,68.91000366210938,826900.0,67.8369140625
2019-01-11,69.52999877929688,68.2300033569336,68.30000305175781,69.31999969482422,736400.0,68.24052429199219
2019-01-14,69.41999816894531,68.66000366210938,68.86000061035156,69.16000366210938,705800.0,68.0830078125
2019-01-15,69.55000305175781,68.33999633789062,69.37000274658203,68.8499984741211,607300.0,67.77783966064453
2019-01-16,69.54000091552734,68.37999725341797,68.86000061035156,68.97000122070312,607400.0,67.89598083496094
2019-01-17,70.55999755859375,68.38999938964844,68.51000213623047,70.1500015258789,594100.0,69.0575942993164
2019-01-18,72.13999938964844,70.66000366210938,70.7300033569336,71.20999908447266,1062700.0,70.10108947753906
2019-01-22,70.51000213623047,68.63999938964844,70.18000030517578,69.2699966430664,1441700.0,68.19129943847656
2019-01-23,69.58000183105469,67.70999908447266,69.51000213623047,68.38999938964844,1095100.0,67.32499694824219
2019-01-24,69.19999694824219,68.12999725341797,68.56999969482422,68.62999725341797,1195400.0,67.56127166748047
2019-01-25,70.43000030517578,69.41999816894531,69.5999984741211,69.86000061035156,948900.0,68.77210998535156
2019-01-28,69.48999786376953,68.43000030517578,69.16999816894531,69.3499984741211,684000.0,68.27005004882812
2019-01-29,70.70999908447266,69.61000061035156,69.61000061035156,70.48999786376953,992400.0,69.39229583740234
2019-01-30,72.12999725341797,69.95999908447266,71.0,71.98999786376953,1368800.0,70.86894226074219
2019-01-31,73.12999725341797,69.16999816894531,73.01000213623047,71.26000213623047,1682100.0,70.15031433105469
2019-02-01,71.94999694824219,69.6500015258789,71.62000274658203,70.1500015258789,1294800.0,69.0575942993164
2019-02-04,70.43000030517578,69.56999969482422,69.80000305175781,70.31999969482422,998100.0,69.2249526977539
2019-02-05,70.76000213623047,69.87000274658203,70.31999969482422,70.73999786376953,1044400.0,69.63841247558594
2019-02-06,71.77999877929688,70.58999633789062,70.66000366210938,71.55999755859375,992500.0,70.44563293457031
2019-02-07,71.19999694824219,69.9800033569336,70.81999969482422,70.37000274658203,794800.0,69.274169921875
2019-02-08,70.5999984741211,69.70999908447266,69.94000244140625,70.58999633789062,979500.0,69.4907455444336
2019-02-11,71.7300033569336,70.83999633789062,70.83999633789062,71.41000366210938,719400.0,70.29798126220703
2019-02-12,73.52999877929688,71.98999786376953,72.0,72.9000015258789,1123400.0,71.7647705078125
2019-02-13,73.62000274658203,72.61000061035156,72.98999786376953,72.68000030517578,1024000.0,71.7845230102539
2019-02-14,72.87999725341797,72.1500015258789,72.30999755859375,72.4800033569336,1149600.0,71.58699035644531
2019-02-15,73.98999786376953,73.11000061035156,73.13999938964844,73.93000030517578,934900.0,73.01913452148438
2019-02-19,73.88999938964844,73.22000122070312,73.55999755859375,73.26000213623047,868900.0,72.35739135742188
2019-02-20,74.08000183105469,73.19999694824219,73.33000183105469,74.06999969482422,619900.0,73.15740203857422
2019-02-21,74.47000122070312,73.51000213623047,73.72000122070312,74.31999969482422,1000100.0,73.40432739257812
2019-02-22,74.88999938964844,74.23999786376953,74.62999725341797,74.80000305175781,625400.0,73.87841033935547
2019-02-25,75.87999725341797,74.93000030517578,75.19999694824219,75.26000213623047,704300.0,74.3327407836914
2019-02-26,75.62000274658203,74.83999633789062,75.0999984741211,75.37000274658203,591700.0,74.44139099121094
2019-02-27,76.4800033569336,75.19999694824219,75.19999694824219,76.30000305175781,817000.0,75.35993194580078
2019-02-28,76.20999908447266,75.4000015258789,76.20999908447266,75.55000305175781,1031100.0,74.6191635131836
2019-03-01,76.69000244140625,75.5999984741211,75.9000015258789,76.37000274658203,870600.0,75.42906951904297
2019-03-04,77.5,75.75,76.76000213623047,76.25,710600.0,75.31053924560547
2019-03-05,77.22000122070312,76.16000366210938,76.37999725341797,76.19000244140625,742600.0,75.25128173828125
2019-03-06,76.87000274658203,75.83000183105469,76.2300033569336,75.8499984741211,730100.0,74.91546630859375
2019-03-07,75.88999938964844,74.37999725341797,75.69999694824219,75.31999969482422,922400.0,74.39200592041016
2019-03-08,75.23999786376953,74.48999786376953,74.6500015258789,75.08000183105469,792100.0,74.15496063232422
2019-03-11,76.9000015258789,75.08999633789062,75.08999633789062,76.88999938964844,832700.0,75.94265747070312
2019-03-12,77.22000122070312,76.58000183105469,77.08999633789062,76.69000244140625,736000.0,75.74512481689453
2019-03-13,77.63999938964844,76.7699966430664,77.0,77.30999755859375,629100.0,76.35747528076172
2019-03-14,77.26000213623047,76.30999755859375,77.04000091552734,76.5,563500.0,75.55746459960938
2019-03-15,77.27999877929688,76.47000122070312,76.55000305175781,76.73999786376953,1176400.0,75.79450225830078
2019-03-18,78.51000213623047,76.75,76.75,78.33000183105469,671000.0,77.36491394042969
2019-03-19,79.3499984741211,78.0199966430664,78.9000015258789,78.43000030517578,941500.0,77.46368408203125
2019-03-20,78.70999908447266,77.62000274658203,78.37999725341797,78.18000030517578,563700.0,77.21675872802734
2019-03-21,79.41999816894531,77.93000030517578,77.93000030517578,79.25,393400.0,78.2735824584961
2019-03-22,78.98999786376953,76.97000122070312,78.94999694824219,77.05999755859375,711700.0,76.11055755615234
2019-03-25,77.66999816894531,76.58000183105469,77.04000091552734,76.86000061035156,612000.0,75.91302490234375
2019-03-26,78.44999694824219,77.29000091552734,77.66999816894531,78.0999984741211,483800.0,77.13774871826172
2019-03-27,78.55000305175781,77.5,78.18000030517578,77.9800033569336,458300.0,77.01922607421875
2019-03-28,79.16999816894531,77.97000122070312,78.20999908447266,79.06999969482422,646100.0,78.09578704833984
2019-03-29,79.61000061035156,77.7699966430664,79.18000030517578,79.04000091552734,1357000.0,78.066162109375
2019-04-01,81.0199966430664,79.72000122070312,79.79000091552734,80.55999755859375,1004000.0,79.56743621826172
2019-04-02,80.9000015258789,79.73999786376953,80.55999755859375,80.04000091552734,569300.0,79.0538558959961
2019-04-03,80.66999816894531,79.52999877929688,80.31999969482422,79.69000244140625,689200.0,78.70816802978516
2019-04-04,80.18000030517578,79.4800033569336,79.66000366210938,80.0,637700.0,79.01434326171875
2019-04-05,80.7699966430664,79.97000122070312,80.51000213623047,80.33999633789062,1123800.0,79.35015106201172
2019-04-08,81.33000183105469,79.75,80.12999725341797,81.33000183105469,1148100.0,80.32795715332031
2019-04-09,80.63999938964844,79.4000015258789,80.58000183105469,79.56999969482422,730200.0,78.58963775634766
2019-04-10,79.91000366210938,79.0999984741211,79.72000122070312,79.37000274658203,833500.0,78.39209747314453
2019-04-11,80.94999694824219,79.33999633789062,79.63999938964844,80.9000015258789,749100.0,79.90324401855469
2019-04-12,82.63999938964844,81.44999694824219,81.5,82.37000274658203,901100.0,81.35514068603516
2019-04-15,82.33999633789062,81.2699966430664,82.19000244140625,81.87000274658203,875100.0,80.8613052368164
2019-04-16,82.69999694824219,81.98999786376953,82.16000366210938,82.44000244140625,650300.0,81.42427825927734
2019-04-17,83.2699966430664,82.45999908447266,82.8499984741211,82.7699966430664,840900.0,81.75021362304688
2019-04-18,83.48999786376953,82.76000213623047,82.93000030517578,82.93000030517578,660200.0,81.90824127197266
2019-04-22,83.55000305175781,82.4800033569336,82.83000183105469,83.48999786376953,366900.0,82.46134185791016
2019-04-23,83.76000213623047,82.91000366210938,83.5,83.06999969482422,948000.0,82.04651641845703
2019-04-24,83.43000030517578,82.72000122070312,83.08000183105469,83.06999969482422,680700.0,82.04651641845703
2019-04-25,82.5999984741211,81.12000274658203,82.5999984741211,82.18000030517578,650300.0,81.16748046875
2019-04-26,83.12999725341797,81.86000061035156,82.27999877929688,83.11000061035156,663100.0,82.08602142333984
2019-04-29,84.1500015258789,83.19999694824219,83.36000061035156,83.81999969482422,495600.0,82.78727722167969
2019-04-30,84.22000122070312,83.16999816894531,83.8499984741211,83.4000015258789,1179900.0,82.37245178222656
2019-05-01,84.41000366210938,83.12000274658203,83.56999969482422,83.29000091552734,909500.0,82.26380157470703
2019-05-02,79.69999694824219,75.79000091552734,75.79000091552734,79.54000091552734,2401100.0,78.56000518798828
2019-05-03,82.36000061035156,80.2300033569336,80.27999877929688,82.29000091552734,1156300.0,81.276123046875
2019-05-06,81.08000183105469,79.9800033569336,80.70999908447266,80.08000183105469,1237700.0,79.09335327148438
2019-05-07,80.05999755859375,78.41000366210938,79.33000183105469,79.16999816894531,1286500.0,78.1945571899414
2019-05-08,80.0,78.75,78.95999908447266,79.12999725341797,560500.0,78.1550521850586
2019-05-09,79.20999908447266,77.44000244140625,78.27999877929688,79.08000183105469,846300.0,78.10567474365234
2019-05-10,79.05000305175781,77.16000366210938,78.70999908447266,78.18000030517578,1161900.0,77.21675872802734
2019-05-13,76.91000366210938,75.81999969482422,76.44999694824219,76.80000305175781,1040500.0,75.85376739501953
2019-05-14,77.44999694824219,75.37999725341797,76.12999725341797,75.51000213623047,1427300.0,74.57965850830078
2019-05-15,76.8499984741211,74.94000244140625,75.18000030517578,76.44999694824219,598500.0,75.50807189941406
2019-05-16,77.16999816894531,76.16999816894531,76.93000030517578,76.26000213623047,1024100.0,75.3204116821289
2019-05-17,76.2300033569336,75.18000030517578,75.77999877929688,75.22000122070312,877700.0,74.2932357788086
2019-05-20,75.18000030517578,74.23999786376953,74.73999786376953,74.5,674400.0,73.58209991455078
2019-05-21,76.0,75.12000274658203,75.12000274658203,75.7699966430664,424000.0,74.83645629882812
2019-05-22,75.79000091552734,75.2300033569336,75.51000213623047,75.43000030517578,447500.0,74.50064849853516
2019-05-23,75.16000366210938,73.41000366210938,74.80000305175781,74.06999969482422,902000.0,73.15740203857422
2019-05-24,74.88999938964844,73.0,74.55999755859375,73.93000030517578,818500.0,73.01913452148438
2019-05-28,75.72000122070312,74.23999786376953,74.44999694824219,74.23999786376953,994100.0,73.32530212402344
2019-05-29,75.0999984741211,73.81999969482422,73.94999694824219,73.97000122070312,1023800.0,73.29558563232422
2019-05-30,75.1500015258789,73.83000183105469,74.02999877929688,74.12999725341797,359400.0,73.4541244506836
2019-05-31,74.37999725341797,73.37999725341797,73.37999725341797,74.22000122070312,800400.0,73.54330444335938
2019-06-03,75.87000274658203,74.16000366210938,74.33000183105469,75.72000122070312,1393000.0,75.02963256835938
2019-06-04,77.41999816894531,75.5,76.47000122070312,77.4000015258789,899000.0,76.6943130493164
2019-06-05,79.30000305175781,77.55000305175781,77.94999694824219,78.87999725341797,1014700.0,78.16081237792969
2019-06-06,79.44000244140625,78.62000274658203,79.06999969482422,79.1500015258789,740800.0,78.42835998535156
2019-06-07,80.1500015258789,78.69999694824219,79.69999694824219,79.55999755859375,606400.0,78.8346176147461
2019-06-10,80.76000213623047,79.91000366210938,79.97000122070312,80.37999725341797,358600.0,79.64714050292969
2019-06-11,81.43000030517578,79.83000183105469,81.1500015258789,80.0,708000.0,79.2706069946289
2019-06-12,80.55999755859375,79.63999938964844,79.97000122070312,80.20999908447266,372500.0,79.47869110107422
2019-06-13,81.12999725341797,80.06999969482422,80.56999969482422,81.08999633789062,422000.0,80.35066223144531
2019-06-14,81.2699966430664,79.79000091552734,80.94000244140625,81.08000183105469,503900.0,80.34075927734375
2019-06-17,81.13999938964844,80.47000122070312,81.08000183105469,80.54000091552734,534100.0,79.80567932128906
2019-06-18,82.51000213623047,81.05999755859375,81.33000183105469,81.19000244140625,1012000.0,80.44975280761719
2019-06-19,82.30999755859375,81.3499984741211,81.45999908447266,81.52999877929688,871900.0,80.78665161132812
2019-06-20,83.33000183105469,81.62000274658203,82.68000030517578,83.30000305175781,1048500.0,82.54051208496094
2019-06-21,83.2699966430664,81.70999908447266,83.23999786376953,81.76000213623047,1431400.0,81.01455688476562
2019-06-24,82.7699966430664,81.68000030517578,81.93000030517578,82.0999984741211,708500.0,81.35145568847656
2019-06-25,82.2699966430664,81.5199966430664,82.08000183105469,81.55999755859375,844000.0,80.81637573242188
2019-06-26,82.0,80.91999816894531,81.61000061035156,81.31999969482422,536500.0,80.57857513427734
2019-06-27,82.27999877929688,81.4000015258789,81.62999725341797,81.86000061035156,396100.0,81.11363983154297
2019-06-28,83.80999755859375,81.95999908447266,81.95999908447266,83.63999938964844,2211800.0,82.87741088867188
2019-07-01,85.38999938964844,83.79000091552734,84.62999725341797,84.41000366210938,769400.0,83.64039611816406
2019-07-02,84.55999755859375,82.63999938964844,84.45999908447266,83.16999816894531,1011900.0,82.41169738769531
2019-07-03,83.5,82.5999984741211,83.5,83.33000183105469,420700.0,82.57023620605469
2019-07-05,83.12999725341797,81.66000366210938,83.08999633789062,82.83999633789062,654900.0,82.08470916748047
2019-07-08,83.0,81.63999938964844,82.62000274658203,81.69999694824219,1347600.0,80.9551010131836
2019-07-09,81.25,80.44999694824219,81.25,80.9800033569336,1005700.0,80.2416763305664
2019-07-10,81.68000030517578,80.18000030517578,81.13999938964844,80.38999938964844,642600.0,79.65704345703125
2019-07-11,81.18000030517578,80.30000305175781,80.36000061035156,81.1500015258789,602800.0,80.41011810302734
2019-07-12,82.5,81.19000244140625,81.26000213623047,82.5,800500.0,81.74781036376953
2019-07-15,82.91000366210938,81.72000122070312,82.55999755859375,81.91000366210938,485800.0,81.16319274902344
2019-07-16,82.94000244140625,81.7300033569336,81.7300033569336,82.62000274658203,646500.0,81.86671447753906
2019-07-17,82.80999755859375,81.2300033569336,82.61000061035156,81.30000305175781,531600.0,80.55875396728516
2019-07-18,81.45999908447266,80.0999984741211,81.16999816894531,80.45999908447266,692200.0,79.72640991210938
2019-07-19,81.41000366210938,80.44999694824219,80.93000030517578,80.87000274658203,730200.0,80.1326675415039
2019-07-22,81.0,80.22000122070312,80.87000274658203,80.33000183105469,731000.0,79.59760284423828
2019-07-23,81.8499984741211,80.19999694824219,80.66000366210938,81.77999877929688,666800.0,81.03437805175781
2019-07-24,82.5199966430664,81.05000305175781,81.36000061035156,82.33999633789062,647200.0,81.58926391601562
2019-07-25,84.20999908447266,81.45999908447266,82.88999938964844,81.66999816894531,720300.0,80.92536926269531
2019-07-26,82.0,81.08000183105469,81.6500015258789,81.4800033569336,569700.0,80.73712158203125
2019-07-29,81.5199966430664,80.76000213623047,81.44000244140625,80.88999938964844,590900.0,80.1524887084961
2019-07-30,81.41000366210938,80.05000305175781,80.22000122070312,81.12000274658203,579700.0,80.3803939819336
2019-07-31,81.7699966430664,79.61000061035156,80.97000122070312,80.29000091552734,838900.0,79.5579605102539
2019-08-01,81.0999984741211,77.94000244140625,79.56999969482422,78.80999755859375,2006600.0,78.0914535522461
2019-08-02,78.04000091552734,76.66999816894531,77.81999969482422,77.52999877929688,966100.0,76.82312774658203
2019-08-05,76.38999938964844,73.88999938964844,76.20999908447266,74.5999984741211,872600.0,73.91983795166016
2019-08-06,76.0999984741211,74.77999877929688,75.16999816894531,75.81999969482422,991700.0,75.12871551513672
2019-08-07,76.27999877929688,74.13999938964844,74.8499984741211,76.0199966430664,819300.0,75.32688903808594
2019-08-08,77.45999908447266,76.0999984741211,76.45999908447266,77.20999908447266,880700.0,76.50604248046875
2019-08-09,77.29000091552734,76.30000305175781,76.86000061035156,76.81999969482422,782100.0,76.11959838867188
2019-08-12,76.68000030517578,75.54000091552734,76.33999633789062,75.76000213623047,720800.0,75.06926727294922
2019-08-13,77.79000091552734,75.01000213623047,75.51000213623047,77.04000091552734,458600.0,76.33759307861328
2019-08-14,76.0999984741211,74.81999969482422,75.94999694824219,74.87999725341797,686200.0,74.19728088378906
2019-08-15,75.44999694824219,74.44999694824219,75.04000091552734,75.1500015258789,674800.0,74.46482849121094
2019-08-16,76.72000122070312,75.37999725341797,75.44999694824219,76.56999969482422,494400.0,75.87187194824219
2019-08-19,77.79000091552734,74.44999694824219,77.79000091552734,76.9000015258789,467000.0,76.19886016845703
2019-08-20,76.80000305175781,75.87999725341797,76.6500015258789,76.04000091552734,513100.0,75.34671783447266
2019-08-21,77.04000091552734,75.8499984741211,76.91999816894531,75.97000122070312,434100.0,75.27734375
2019-08-22,76.66999816894531,75.54000091552734,76.58999633789062,75.56999969482422,536200.0,74.88099670410156
2019-08-23,75.93000030517578,73.3499984741211,75.13999938964844,73.73999786376953,1039900.0,73.06768035888672
2019-08-26,74.4000015258789,73.3499984741211,74.37000274658203,74.05999755859375,504500.0,73.38475799560547
2019-08-27,74.83000183105469,74.0199966430664,74.69999694824219,74.27999877929688,583200.0,73.6027603149414
2019-08-28,75.12000274658203,73.5999984741211,74.05999755859375,74.98999786376953,352800.0,74.5471420288086
2019-08-29,76.98999786376953,75.66000366210938,76.0,76.38999938964844,850400.0,75.93887329101562
2019-08-30,77.37000274658203,76.2300033569336,77.16999816894531,76.61000061035156,637500.0,76.15757751464844
2019-09-03,76.25,74.08000183105469,75.83999633789062,74.63999938964844,700100.0,74.19921112060547
2019-09-04,75.98999786376953,74.7300033569336,75.37999725341797,75.30999755859375,741000.0,74.8652572631836
2019-09-05,78.06999969482422,76.06999969482422,76.06999969482422,77.75,525300.0,77.29084014892578
2019-09-06,79.16000366210938,78.05000305175781,78.27999877929688,78.38999938964844,701000.0,77.92706298828125
2019-09-09,78.5999984741211,76.27999877929688,78.5999984741211,77.5,677300.0,77.04232788085938
2019-09-10,78.3499984741211,76.91999816894531,77.47000122070312,78.3499984741211,714800.0,77.88729858398438
2019-09-11,79.29000091552734,78.12999725341797,78.55000305175781,79.29000091552734,958400.0,78.82174682617188
2019-09-12,79.44999694824219,77.87000274658203,79.26000213623047,78.06999969482422,766600.0,77.60895538330078
2019-09-13,79.37000274658203,78.05000305175781,78.47000122070312,78.66999816894531,759900.0,78.20541381835938
2019-09-16,78.44000244140625,77.29000091552734,78.22000122070312,78.05999755859375,583800.0,77.59900665283203
2019-09-17,78.45999908447266,77.72000122070312,78.02999877929688,78.33000183105469,643300.0,77.86741638183594
2019-09-18,78.44999694824219,77.55999755859375,78.0199966430664,78.38999938964844,763900.0,77.92706298828125
2019-09-19,79.11000061035156,77.87000274658203,78.30000305175781,77.94999694824219,519400.0,77.48966217041016
2019-09-20,78.55000305175781,77.30000305175781,78.3499984741211,77.4800033569336,1440500.0,77.02244567871094
2019-09-23,77.93000030517578,76.80999755859375,77.0199966430664,77.54000091552734,458100.0,77.08208465576172
2019-09-24,78.58999633789062,76.52999877929688,77.97000122070312,76.86000061035156,901000.0,76.40609741210938
2019-09-25,78.68000030517578,76.70999908447266,76.80999755859375,78.55999755859375,605000.0,78.09605407714844
2019-09-26,79.88999938964844,78.55999755859375,78.66000366210938,79.33000183105469,863100.0,78.86151885986328
2019-09-27,80.43000030517578,79.30999755859375,79.93000030517578,80.12999725341797,881900.0,79.65679168701172
2019-09-30,80.47000122070312,79.58000183105469,80.33999633789062,79.62000274658203,748000.0,79.1498031616211
2019-10-01,80.37999725341797,76.37000274658203,80.08999633789062,76.83000183105469,850600.0,76.37627410888672
2019-10-02,75.97000122070312,74.52999877929688,75.69999694824219,74.61000061035156,958700.0,74.16938781738281
2019-10-03,75.13999938964844,72.87000274658203,74.27999877929688,75.12000274658203,937900.0,74.67637634277344
2019-10-04,76.05999755859375,74.97000122070312,75.22000122070312,75.97000122070312,466700.0,75.5213623046875
2019-10-07,76.41000366210938,75.41999816894531,75.66000366210938,75.56999969482422,655800.0,75.12371063232422
2019-10-08,74.7300033569336,73.30999755859375,74.62999725341797,73.43000030517578,727700.0,72.99635314941406
2019-10-09,74.91000366210938,73.62000274658203,74.25,74.56999969482422,512200.0,74.12962341308594
2019-10-10,76.23999786376953,74.33000183105469,74.58000183105469,75.43000030517578,762200.0,74.98454284667969
2019-10-11,78.76000213623047,76.37000274658203,76.52999877929688,77.62999725341797,667400.0,77.17154693603516
2019-10-14,77.80999755859375,76.94000244140625,77.33000183105469,77.01000213623047,560600.0,76.55522155761719
2019-10-15,78.83000183105469,77.16999816894531,77.37999725341797,78.0199966430664,555700.0,77.55924224853516
2019-10-16,78.61000061035156,77.41000366210938,77.73999786376953,78.18000030517578,857200.0,77.71830749511719
2019-10-17,79.47000122070312,78.52999877929688,78.63999938964844,78.80999755859375,624300.0,78.3445816040039
2019-10-18,79.91999816894531,78.20999908447266,78.86000061035156,79.77999877929688,976700.0,79.30885314941406
2019-10-21,81.02999877929688,79.91000366210938,80.26000213623047,81.01000213623047,810800.0,80.5315933227539
2019-10-22,81.80000305175781,80.55000305175781,80.83999633789062,81.2699966430664,734700.0,80.79005432128906
2019-10-23,81.97000122070312,81.12000274658203,81.26000213623047,81.5999984741211,841100.0,81.11811065673828
2019-10-24,83.1500015258789,80.93000030517578,81.9000015258789,81.9800033569336,736300.0,81.49586486816406
2019-10-25,83.52999877929688,82.12000274658203,82.45999908447266,83.30000305175781,713800.0,82.80807495117188
2019-10-28,85.66999816894531,83.5,83.5,84.02999877929688,753300.0,83.53376007080078
2019-10-29,85.04000091552734,83.25,83.44000244140625,84.7699966430664,735700.0,84.2693862915039
2019-10-30,84.41999816894531,83.12999725341797,83.97000122070312,84.05999755859375,966700.0,83.80083465576172
2019-10-31,80.41000366210938,76.1500015258789,80.0,76.69000244140625,2106700.0,76.45355987548828
2019-11-01,79.41000366210938,76.4800033569336,77.4800033569336,79.12000274658203,2921300.0,78.87606811523438
2019-11-04,79.52999877929688,78.26000213623047,79.23999786376953,78.6500015258789,1132800.0,78.40751647949219
2019-11-05,79.69000244140625,78.44000244140625,78.54000091552734,79.66999816894531,1297800.0,79.42436981201172
2019-11-06,79.58999633789062,77.2300033569336,79.2699966430664,78.19999694824219,962900.0,77.95890045166016
2019-11-07,79.0,77.06999969482422,78.94999694824219,77.31999969482422,794500.0,77.08161163330078
2019-11-08,78.69999694824219,77.02999877929688,77.18000030517578,77.33000183105469,960000.0,77.09158325195312
2019-11-11,76.80000305175781,75.23999786376953,76.56999969482422,75.80999755859375,913600.0,75.57626342773438
2019-11-12,77.33000183105469,75.72000122070312,75.77999877929688,76.63999938964844,904900.0,76.4037094116211
2019-11-13,76.5999984741211,75.37000274658203,76.58000183105469,75.7699966430664,905100.0,75.53639221191406
2019-11-14,77.19000244140625,75.7699966430664,76.01000213623047,76.51000213623047,874800.0,76.27411651611328
2019-11-15,78.16000366210938,77.0,77.1500015258789,77.55000305175781,809700.0,77.31090545654297
2019-11-18,77.76000213623047,76.9800033569336,77.29000091552734,77.30999755859375,702800.0,77.07164001464844
2019-11-19,78.0199966430664,76.91000366210938,77.5999984741211,78.0,880700.0,77.75951385498047
2019-11-20,78.01000213623047,76.72000122070312,77.62000274658203,77.47000122070312,999700.0,77.23115539550781
2019-11-21,77.95999908447266,77.19000244140625,77.61000061035156,77.43000030517578,718300.0,77.19127655029297
2019-11-22,78.05000305175781,76.66999816894531,77.95999908447266,76.88999938964844,1082300.0,76.65293884277344
2019-11-25,77.08999633789062,76.44999694824219,77.05000305175781,76.58999633789062,1313500.0,76.3538589477539
2019-11-26,77.22000122070312,76.23999786376953,76.5199966430664,77.1500015258789,2154500.0,76.91213989257812
2019-11-27,77.72000122070312,76.98999786376953,77.3499984741211,77.61000061035156,794700.0,77.37071990966797
2019-11-29,77.93000030517578,77.18000030517578,77.38999938964844,77.51000213623047,624200.0,77.27102661132812
2019-12-02,78.69000244140625,76.55000305175781,77.45999908447266,76.55000305175781,920100.0,76.3139877319336
2019-12-03,75.94000244140625,75.05000305175781,75.62999725341797,75.54000091552734,800000.0,75.3071060180664
2019-12-04,77.37999725341797,75.27999877929688,76.0,75.37999725341797,1023400.0,75.14759063720703
2019-12-05,74.94000244140625,73.87999725341797,74.0,74.91000366210938,1273200.0,74.67904663085938
2019-12-06,76.66999816894531,75.23999786376953,76.06999969482422,75.31999969482422,981300.0,75.08777618408203
2019-12-09,75.45999908447266,74.29000091552734,74.94999694824219,75.4000015258789,1082000.0,75.16753387451172
2019-12-10,76.91999816894531,75.37999725341797,76.7699966430664,75.80999755859375,911400.0,75.57626342773438
2019-12-11,76.86000061035156,75.6500015258789,76.0,76.83000183105469,665600.0,76.59312438964844
2019-12-12,77.94000244140625,76.45999908447266,76.87000274658203,77.66000366210938,760900.0,77.42057037353516
2019-12-13,78.33000183105469,77.0999984741211,77.3499984741211,77.72000122070312,738300.0,77.48038482666016
2019-12-16,78.68000030517578,77.13999938964844,78.37999725341797,77.27999877929688,664900.0,77.04173278808594
2019-12-17,78.45999908447266,77.02999877929688,77.55000305175781,77.9800033569336,942200.0,77.73958587646484
2019-12-18,78.41999816894531,77.6500015258789,78.0999984741211,77.91000366210938,921500.0,77.6697998046875
2019-12-19,78.1500015258789,76.7699966430664,78.01000213623047,77.58999633789062,830100.0,77.35077667236328
2019-12-20,79.0,77.62000274658203,78.87999725341797,78.61000061035156,1969200.0,78.36763763427734
2019-12-23,78.97000122070312,78.08999633789062,78.83999633789062,78.94999694824219,663600.0,78.70658874511719
2019-12-24,79.45999908447266,78.44000244140625,79.0,78.63999938964844,184600.0,78.39754486083984
2019-12-26,79.0,77.95999908447266,78.63999938964844,78.5999984741211,427500.0,78.357666015625
2019-12-27,79.12999725341797,78.56999969482422,78.87999725341797,78.83999633789062,346700.0,78.596923828125
2019-12-30,79.20999908447266,78.62999725341797,78.88999938964844,78.73999786376953,523800.0,78.49723052978516
2019-12-31,79.12000274658203,78.23999786376953,78.87000274658203,78.79000091552734,492000.0,78.54708099365234
2020-01-02,79.94999694824219,78.76000213623047,79.16000366210938,79.8499984741211,869500.0,79.60381317138672
2020-01-03,80.3499984741211,78.69999694824219,79.02999877929688,80.31999969482422,795100.0,80.0723648071289
2020-01-06,79.94000244140625,78.91000366210938,79.86000061035156,79.80000305175781,817300.0,79.55397033691406
2020-01-07,79.91000366210938,79.0199966430664,79.91000366210938,79.5,662200.0,79.25489044189453
2020-01-08,80.36000061035156,79.19000244140625,79.66000366210938,79.7699966430664,1083200.0,79.52405548095703
2020-01-09,80.58000183105469,79.66000366210938,80.0199966430664,80.12999725341797,797500.0,79.88294982910156
2020-01-10,80.93000030517578,79.63999938964844,80.25,79.94000244140625,1361200.0,79.69353485107422
2020-01-13,81.30999755859375,80.08999633789062,80.2300033569336,81.27999877929688,1264800.0,81.02940368652344
2020-01-14,82.01000213623047,81.01000213623047,81.20999908447266,81.37000274658203,1372400.0,81.11913299560547
2020-01-15,82.58000183105469,81.06999969482422,81.20999908447266,82.44999694824219,1109300.0,82.19579315185547
2020-01-16,83.3499984741211,82.5,83.01000213623047,83.16000366210938,1117900.0,82.90361022949219
2020-01-17,83.95999908447266,83.04000091552734,83.47000122070312,83.45999908447266,1203300.0,83.20268249511719
2020-01-21,83.16999816894531,82.19999694824219,83.0,82.4000015258789,1156500.0,82.14595031738281
2020-01-22,83.06999969482422,82.08999633789062,82.87999725341797,82.20999908447266,844700.0,81.95653533935547
2020-01-23,82.41000366210938,81.33000183105469,81.7699966430664,82.36000061035156,1422000.0,82.1060791015625
2020-01-24,82.97000122070312,81.25,82.47000122070312,81.4800033569336,1086300.0,81.22879028320312
2020-01-27,80.88999938964844,79.68000030517578,80.0,80.22000122070312,879800.0,79.97267150878906
2020-01-28,81.68000030517578,80.05000305175781,80.58000183105469,81.2699966430664,767400.0,81.0194320678711
2020-01-29,83.72000122070312,81.47000122070312,81.91000366210938,83.16999816894531,1310400.0,82.91357421875
2020-01-30,83.75,82.08999633789062,82.16000366210938,83.66000366210938,908800.0,83.40206909179688
2020-01-31,83.36000061035156,81.56999969482422,83.2300033569336,81.66000366210938,1553200.0,81.40823364257812
2020-02-03,84.45999908447266,82.29000091552734,82.48999786376953,83.33999633789062,1259300.0,83.08305358886719
2020-02-04,86.54000091552734,84.5999984741211,85.0,86.51000213623047,1380900.0,86.24327850341797
2020-02-05,87.69999694824219,86.25,87.4000015258789,87.61000061035156,1803700.0,87.33988952636719
2020-02-06,83.30999755859375,80.80000305175781,81.0,83.12000274658203,5052400.0,82.86373138427734
2020-02-07,84.91000366210938,83.12999725341797,83.36000061035156,84.19999694824219,2496800.0,83.94039916992188
2020-02-10,86.16999816894531,83.83999633789062,84.0,85.72000122070312,1249300.0,85.45571899414062
2020-02-11,87.44999694824219,85.86000061035156,86.37999725341797,87.23999786376953,1508400.0,86.97102355957031
2020-02-12,89.33999633789062,86.73999786376953,87.8499984741211,89.12999725341797,1462800.0,88.8552017211914
2020-02-13,88.8499984741211,86.87000274658203,88.4800033569336,87.05000305175781,2098600.0,86.7816162109375
2020-02-14,88.5199966430664,86.98999786376953,87.25,88.13999938964844,1605600.0,87.86825561523438
2020-02-18,88.37999725341797,87.38999938964844,88.0,88.05000305175781,1310300.0,87.77853393554688
2020-02-19,88.69000244140625,87.62000274658203,88.3499984741211,87.95999908447266,1068700.0,87.68881225585938
2020-02-20,89.1500015258789,87.26000213623047,87.63999938964844,88.66000366210938,1298400.0,88.38665771484375
2020-02-21,88.6500015258789,87.37999725341797,88.06999969482422,88.5199966430664,1010600.0,88.24707794189453
2020-02-24,87.08999633789062,85.58999633789062,85.75,86.43000030517578,1249400.0,86.16352844238281
2020-02-25,87.26000213623047,83.86000061035156,87.0,84.33000183105469,1421900.0,84.06999969482422
2020-02-26,85.80999755859375,83.79000091552734,84.95999908447266,83.93000030517578,1344600.0,83.93000030517578
2020-02-27,84.0,80.66000366210938,82.47000122070312,80.66000366210938,1711600.0,80.66000366210938
2020-02-28,78.9000015258789,75.54000091552734,77.79000091552734,77.33999633789062,2786700.0,77.33999633789062
2020-03-02,82.41999816894531,77.5,77.94999694824219,82.29000091552734,2012100.0,82.29000091552734
2020-03-03,84.27999877929688,79.73999786376953,82.05999755859375,79.87999725341797,1490400.0,79.87999725341797
2020-03-04,85.69000244140625,80.91000366210938,81.62999725341797,85.31999969482422,1921100.0,85.31999969482422
2020-03-05,84.06999969482422,81.80000305175781,82.30000305175781,82.45999908447266,1495700.0,82.45999908447266
2020-03-06,81.44000244140625,78.8499984741211,80.45999908447266,81.22000122070312,1610100.0,81.22000122070312
2020-03-09,78.16999816894531,73.56999969482422,75.68000030517578,75.94000244140625,1944900.0,75.94000244140625
2020-03-10,76.80000305175781,71.87000274658203,73.33999633789062,76.79000091552734,2743100.0,76.79000091552734
2020-03-11,75.94000244140625,72.12999725341797,74.5,73.23999786376953,1742200.0,73.23999786376953
2020-03-12,68.98999786376953,61.0,68.48999786376953,64.81999969482422,1955000.0,64.81999969482422
2020-03-13,72.20999908447266,64.0,68.0199966430664,72.12000274658203,1517600.0,72.12000274658203
2020-03-16,66.95999908447266,62.790000915527344,62.790000915527344,65.05000305175781,1706400.0,65.05000305175781
2020-03-17,71.8499984741211,64.47000122070312,66.70999908447266,71.81999969482422,1879800.0,71.81999969482422
2020-03-18,69.19000244140625,60.869998931884766,66.4800033569336,65.48999786376953,2197100.0,65.48999786376953
2020-03-19,65.33999633789062,61.40999984741211,64.77999877929688,64.45999908447266,1524500.0,64.45999908447266
2020-03-20,65.04000091552734,59.2599983215332,64.5999984741211,59.88999938964844,1884200.0,59.88999938964844
2020-03-23,60.27000045776367,54.619998931884766,59.189998626708984,56.63999938964844,1578400.0,56.63999938964844
2020-03-24,62.2400016784668,58.2599983215332,58.650001525878906,62.0,1954900.0,62.0
2020-03-25,66.16000366210938,60.040000915527344,61.43000030517578,63.86000061035156,1722300.0,63.86000061035156
2020-03-26,68.56999969482422,63.630001068115234,64.62000274658203,68.01000213623047,1412500.0,68.01000213623047
2020-03-27,67.45999908447266,62.119998931884766,63.099998474121094,65.5,1035720.0,65.5
